ID,Title,"Title-English Translated"
1010,"कोइला खानी, कोइला उत्खनन ढुवानी र स्टोर गर्ने।","Coal mining, coal mining to transport and store."
1020,"लीग्नाइट (वाउन कोइला ) संकलन गर्ने , ढुवानी गर्ने , विकेट वनाउने","Lignaita (vauna coal) to collect, transport, wickets legalization"
1030,"पीटको उत्खनन् गर्ने , संकलन गर्ने","Pitako quarry, collect"
1110,"प्राकृतिक ग्यांस र कच्चा पेट्रोलको उत्खनन।","Natural gyansa and quarrying raw petrol."
1120,"सुल्क लिएर वा करारमा पेट्रोलियम पदार्थ वा ग्यांस उत्खन्न गर्ने वा ड्रीलिङ गर्ने ,पेट्रोलियम पदार्थकुवा को संरक्षण गर्ने, ड्रलीङका सामान आपूर्ति गर्ने ।","With fee or contract or petroleum products to exploration or drilina gyansa, petroleum padarthakuva to protect, dralinaka goods supply."
1200,"यूरेनियम वा थोरियमको धाउ उत्खनन् गर्ने","Uranium or thorium ore quarry"
1310,"फलामको धाउ (कच्चा फलाम) उत्खनन गर्ने।","Iron ore (cast iron) excavator."
1320,"गैह्र फलाम जन्य धातु जस्तै सुन,  चाँदी, तामा आलमोनियको उत्खनन गर्ने।","Made with non-ferrous metals such as gold, silver, copper alamoniyako excavator."
1410,"ढुङ्गा वालुवा, माटो चुन खरि आदिको उत्पादन गर्ने ।","Stone, sand, clay, etc. khari choose to produce."
1421,"रासायनिक र खनिज मल जस्तै सोडियम, नाइट्रिट, सल्फर उत्खनन गर्ने।","Chemical and mineral fertilizers such as sodium, naitrita, sulfur excavator."
1422,"खानीवाट वा सौर्य किरणवाट नून वनाउने , तालवाट वा प्रकृतिको तातो पानीवाट नून निकाल्ने काम","Khanivata or solar salt kiranavata predecessors, talavata or nature .God hot salt eviction"
1429,"नूनको उत्पादन गर्ने।","Salt production."
1511,"वध शाला सन्चालन, मासुको प्रशोधन गर्ने, हाड, छाला, उन आदिको उत्पादन गर्ने।","Slaughter house operation, processing of meat, bones, skin, those opposed to the production of."
1512,"माछाको मासु प्रशोधन गर्ने, प्याक गर्ने कार्यहरु।","Meat and fish processing, pack the works."
1513,"फलफूल र तरकारीको प्रशोधन, संरक्षण र प्याक गर्ने कार्यहरु।","Fruits and vegetables processing, preservation and pack functions."
1514,"तेल वोसो आदि उत्पादन गर्ने प्रतिष्ठानहरु / क्रृयाकलापहरु।","Voso oil production installations, etc. / krryakalapaharu."
1520,"दुग्ध पदार्थको प्रशोधन, धुलो दूधको उत्पादन, दुग्ध पदार्थवाट वन्ने अन्य वस्तुहरुको उत्पादन।","Dairy products processing, production of milk powder, milk production in other commodities padarthavata is impossible."
1531,"धान कुट्ने, गंहु, मकै पिस्ने, पिठो उत्पादन गर्ने मिलहरु / क्रृयाकलापहरु।","Rice, ganhu, maize milling, flour mills produce / krryakalapaharu."
1532,"स्टार्च, मकैको तेल, ग्लूकोज आदि उत्पादन गर्ने प्रतिष्ठानहरु वा क्रृयाकलापहरु।","Starch, maize oil, glucose, etc. or krryakalapaharu production installations."
1533,"पशु आहार वा पशु  दाना उत्पादन गर्ने प्रतिष्ठानहरु।","The animal feed or animal feed production installations."
1541,"पाउरोटी,केक, दुनेाट, विस्कुट आदि उत्पादन गर्ने क्रृयाकलापहरु।","Bread, cakes, duneata, biscuits etc. krryakalapaharu production."
1542,"चिनी, चाकु, खुदो, वनाउने क्रृयाकलापहरु।","Sugar, a knife, khudo, legalization krryakalapaharu."
1543,"कोका, मिठाई चुइगम आदि उत्पादन गर्ने क्रृयाकलापहरु।","Coca, sweet chewing gum, etc. krryakalapaharu production."
1544,"चाउ चाउ, म्याकरोनी, उत्पादन गर्ने क्रृयाकलापहरु।","Chow Chow, myakaroni, production krryakalapaharu."
1549,"चिया, कफि, मासुको सुप, कृत्रिम मह उत्पादन गर्ने क्रृयाकलापहरु।","Tea, coffee, meat, soup, artificial honey production krryakalapaharu."
1551,"अल्कोहल जन्य पदार्थहरु जस्तै   व्हीस्की , व्राण्डी , रक्सी , स्प्रीड, लिक्वाएर आदि वनाउने , स्याउ नास्पति आदि फलफूलवाठ रक्सी प्रशोधन गर्ने , ती वस्तुहरुमा लेवल लगाउने।","Alcohol accompanying materials such as whiskey, vrandi, alcohol, sprida, likvaera etc. predecessors, Apple naspati phalaphulavatha alcohol treatment, etc., to wear, they are level."
1552,"अंगुरवाट रक्सी वनाउने कृयाकलापहरु।","GBV activities are anguravata alcohol."
1553,"अन्नवाट जांड वा वियर उत्पादन गर्ने प्रतिष्ठान / क्रियाकलापहरु।","Annavata janda or beer production establishment / activities."
1554,"हल्का पेय पदार्थ जस्तै कोका कोला, मिरिण्डा, मिनरल वाटर उत्पादन गर्ने प्रतिष्ठान / क्रियाकलापहरु।","Soft drinks such as Coca-Cola, mirinda, mineral water production establishment / activities."
1600,"चुरोट विडी खैनी जस्ता सुर्ति जन्य पदार्थको उत्पादन गर्ने प्रतिष्ठान / क्रियाकलापहरु।","Vidi chewing tobacco cigarettes, such as the production of viral establishment / activities."
1711,"धागो कात्ने र कपडा वुन्ने  प्रतिष्ठान / क्रियाकलापहरु।","Spinning and textile vunne establishment / activities."
1712,"कपडा रंगाउने , कपडामा चित्र छाप्ने , कपडा प्याक गर्ने।","Textile dye, textile printing image, textile pack."
1721,"पाल, कम्वल, सिरक, डसना, पर्दा सिलिपिङ्गव्याग उत्पादन गर्ने प्रतिष्ठान / क्रियाकलापहरु।","Tent, blanket, blankets, mattresses, curtains silipingavyaga production establishment / activities."
1722,"कार्पेट, रग, म्याट आदि उत्पादन गर्ने प्रतिष्ठान / क्रियाकलापहरु।","Carpet, Color, Matt, etc. produced by the establishment / activities."
1723,"डोरी, नाम्लो, सुतली, जाली आदिको उत्पादन गर्ने प्रतिष्ठान / क्रियाकलापहरु।","Rope, namlo, twine, netting, etc are produced to the establishment / activities."
1729,"कपडाको ब्वाच वा विल्ला वनाउने , नेपाली महिलाले लगाउने धागो , रीवन , इम्व्राइडरी , धातुको धागो , प्लाष्टिकको धागो उत्पादन गर्ने।","Bvaca cloth or Villa predecessors, Nepali women wear scarlet, rivana, imvraidari, metal thread, a plastic thread production."
1730,"कपडाको जाली , टी सर्ट , जर्सी , सुइटर आदि वुन्ने , सीरानी  तन्ना आदिमा फेवरीक पेन्टीङ गर्ने।","Cloth mesh, T-shirts, jerseys, etc. vunne suitara, blew a sheet phevarika pentina the beginning."
1810,"टेलरिङ सप जस्तै चोलो , कमीज , पाइण्ट , कोट , टोप , टाई आदि सिलाउने कृयाकलापहरु।","As noted telarina blouse, shirt, painta, coat, hat, tie, etc. activities are sewn."
1820,"भूवादार कपडाको संगरोगन र कांटछांट गर्ने  जस्तै   रग , म्याट , ज्याकेट आदि रंगाउने कृयाकलापहरु।","Bhuvadara sangarogana linen and the like cutouts vein, Matt, jacket, etc. activities are a painter."
1911,"छालाका सामान रंगाउने र काटछाट गर्ने जस्तै   छाला रंगाउने , काटछाट गर्ने , छालको सिट तयार गर्ने।","Leather goods such as leather dye to dye and katachata, katachata to, prepare waters seats."
1912,"छालाको व्याग, सुटकेश उत्पादन गर्ने।","Vyaga skin, suitcase production."
1920,"जुत्ता वा चप्पल उत्पादन गर्ने प्रतिष्ठान / क्रियाकलापहरु।","Shoes or slippers production establishment / activities."
2010,"काठ चिर्ने तथा रण्डा लगाउने प्रतिष्ठान वा क्रियाकलापहरु।","Sawmill and randa wear establishments or activities."
2021,"काठका पाताला सामान बनाउने जस्तै  काठका पातला फल्याक वनाउने , काठका पातला टुक्रा मिलाएर वोर्ड वनाउने लेमिनेटेड कार्ड बनाउने कृयाकलापहरु","Thin wooden planks to make goods such as wood, patala predecessors, thin pieces of wood together to make board GBV activities are laminated card"
2022,"काठका झया्ल, ढोका, भर्‍याङ (फर्निचर वाहेक) वनाउने प्रतिष्ठान / क्रियाकलापहरु।",".many Wood, door, ladder (except furniture) legalization of the establishment / activities."
2023,"काठका भाँडा, ठेकी, ड्रम आदि उत्पादन गर्ने प्रतिष्ठान / क्रियाकलापहरु।","Timber vessels, Theki, drums, etc. produced by the establishment / activities."
2029,"सुकुल, चकटी, काठका जुत्ता आदि उत्पादन गर्ने प्रतिष्ठान / क्रियाकलापहरु।","Sukul, pedals, shoes, etc., to produce wooden establishment / activities."
2101,"कागज, पेपरवोर्ड, उत्पादन गर्ने प्रतिष्ठान / क्रियाकलापहरु।","Paper, peparavorda, production establishment / activities."
2102,"कागजको वाकस, आदि वनाउने उत्पादन गर्ने प्रतिष्ठान / क्रियाकलापहरु।","Vakasa paper, etc., as vehicle production establishment / activities."
2109,"कार्वन पेपर, ट्रेसिङ्ग पेपर, ट्वाईलेट पेपर, नेपकिन पेपर, कप प्लेट आदि उत्पादन गर्ने प्रतिष्ठान / क्रियाकलापहरु।","Carbon paper, tresinga paper, tvaileta paper, paper napkins, cup, plate, etc. produced by the establishment / activities."
2211,"पुस्तक, नक्शा, एटलस अदि प्रकाशन गर्ने प्रतिष्ठान / क्रियाकलापहरु।","Book, map, atlas, etc publishing the establishment / activities."
2212,"समाचार पत्र, पत्रिका कार्टुन प्रकाशित गर्ने प्रतिष्ठान / क्रियाकलापहरु।","Newspaper, magazine published a cartoon of the establishment / activities."
2213,"अडियो क्यासेट प्रकाशित गर्ने प्रतिष्ठान / क्रियाकलापहरु।","The firm published an audio cassette / activities."
2219,"फोटो, पोष्टकार्ड, चित्र आदि प्रकाशित गर्ने प्रतिष्ठान / क्रियाकलापहरु।","Photos, postcards, pictures, etc. to publish the establishment / activities."
2221,"अखवार, किताव, चेक, नोट, राजश्व टिकट, हुलाक टिकट छाप्ने प्रतिष्ठान / क्रियाकलापहरु।","Journal, book, check, notes, revenue stamps, postage stamps printing establishment / activities."
2222,"इलेक्ट्रो टाइपिङ्ग, पिन्ट्रीङ्ग ल्पेट, रवर स्ट्याम्प निकाल्ने प्रतिष्ठान / क्रियाकलापहरु।","Electro Typing, pintringa lpeta, ravara Stamp Out establishment / activities."
2230,"स्रव्य दृश्य टेप, फ्ल्पी, फिल्म डुप्लिकेटिङ्ग निकाल्ने प्रतिष्ठान / क्रियाकलापहरु।","Sravya scene tape, phlpi, film dupliketinga out establishment / activities."
2320,"पेट्रोलीयम पदार्थको रिफाइन गर्ने जस्तै   तरल इन्धन तयार गर्ने  कृयाकलापहरु","The liquid fuel such as petroleum refinery activities are to prepare"
2411,"आधारभूत रसायन तयार गर्ने जस्तै   इनरजेनिक एसिड ,","Prepare basic chemicals such as acid inarajenika,"
2412,"रसायनिक मल जस्तै  ड्राइ यूरिया , नाइट्रोजन कम्पाउण्ड , एमोनिया आदि बनाउने कृयाकलापहरु।","Dry chemical fertilizers such as urea, nitrogen compounds, ammonia, etc. activities are making."
2413,"कच्चा प्लायष्टक , सेन्थेठिक र रबर जस्तै  पोलीकार्वोनेट , प्राकृतिक रबर,सेन्थेटिक रबर बनाउने कृयाकलापहरु","Raw playastaka, senthethika and rubber polikarvoneta like, natural rubber, Synthetic rubber-making activities are"
2421,"किटनाशक औषधी, कृषि जन्य रासायनिक पदार्थ उत्पादन गर्ने प्रतिष्ठान / क्रियाकलापहरु।","Pesticides, medicines, establishment of agricultural production of a chemical / activities."
2422,"रङ, वार्निस, इनामेल, चक आदि उत्पादन गर्ने क्रियाकलापहरु","Color, varnisa, enamel, Chuck production activities, etc."
2423,"औषधी वनाउने क्रियाकलापहरु","Drug legalization activities"
2424,"सावुन, टुथपेष्ट, स्याम्पु, पालिस, अत्तर आदि उत्पादन गर्ने क्रियाकलापहरु","Gypsum, tuthapesta, shampoo, polish, perfume etc., to activities"
2429,"अन्य रसायनिक बस्तुहरुको उत्पाद जस्तै विष्फोक पदार्थ, फोटो धुलाउने रसायन, लेख्ने र छाप्ने मसी, आयोडिन युक्त नून बनाउने कृयाकलापहरु।","Visphoka area with other chemical products such as foods, photo dhulaune Chemicals, write and printing ink, salt with iodine activities are making."
2430,"सिन्थेटिक, नाइलन, पोलिष्टर आदिको कृत्रिम रेशा वनाउने क्रियाकलापहरु","Synthetic, nylon, polyester synthetic fiber, etc. GBV activities"
2511,"रवरका टायर, ट्यूव उत्पादन गर्ने र रिसोलिङ्ग गर्ने प्रतिष्ठान तथा क्रियाकलापहरु","Ravaraka tires, tyuva production and the establishment and activities risolinga"
2519,"पाइप, रवर कार्पेट, जुत्ताका तलुवा उत्पादन गर्ने क्रियाकलापहरु","Pipe, ravara carpet, shoes thongs production activities"
2520,"प्लाष्टिकका भाँडा वर्तन, टेवल कुर्सि, झ्याल, ढोका, फर्निचर, झोला आदि वनाउने क्रियाकलापहरु","Plastic pots pottery, table chair, windows, doors, furniture, bags, etc. GBV activities"
2610,"शिशा तथा काँचका वोतल, प्लेट, ऐना, चुरा, टेवुलमा राख्ने शिशा आदि वनाउने क्रियाकलापहरु","Glass and pretty votala, plates, mirrors, bracelets, glass, etc. who enjoy another GBV activities"
2691,"माटाका भाँडाहरु, माटाका मुर्तिहरु, माटाका गहनाहरु आदि उत्पादन गर्ने क्रियाकलापहरु।","Clay pots, clay idols, pottery production, etc. The activities adorning."
2692,"माटाका इँटा, टायल, पाइपहरु आदि उत्पादन गर्ने क्रियाकलापहरु।","Clay bricks, tiles, pipes, etc. The activities produce."
2693,"विषेश प्रकारका इट , टाएल , माटाको चुलो , व्लक आदि बनाउने कृयाकलापहरु।","It kind of special, tile, earthen stoves, vlaka etc. activities are making."
2694,"सिमेन्ट, चुन, प्लाष्टर, आदि उत्पादन गर्ने क्रियाकलापहरु।","Cement, select, plastara, etc., to activities."
2695,"सिमेन्ट, कन्कि्रट, आदिवाट वनाउने हयूम पाइप, ब्लक, रिङ्ग आदि वनाउने प्रतिष्ठानहरु वा क्रियाकलापहरु।","Cement, kankirata, introductions legalization hayuma pipes, blocks, ringtones, etc. installations or activities predecessors."
2696,"ढुङ्गा, रोडा आदि वनाउने प्रतिष्ठानहरु वा  क्रियाकलापहरु।","Stone, gravel, etc. installations or activities predecessors."
2699,"अन्यत्र उल्लेख नभएका गैह्र धातु  जन्य बस्तुहरु जस्तै ग्राफाइट , खनिज अभ्रक बनाउने कृयाकलापहरु।","Made with non-metal objects not mentioned elsewhere such as graphite, mica mineral activities are making."
2710,"फलाम वा स्टीलका रड, ड्रम, पाता, तार, प्लेट आदि वनाउने प्रतिष्ठानहरु वा क्रियाकलापहरु।","Iron or steel rod, drum, sheet, wire, plate, etc. installations or activities predecessors."
2720,"वहुमुल्य धातु जस्तै सुन चाँदी तामा, आदि वनाउने प्रतिष्ठानहरु वा क्रियाकलापहरु।","Vahumulya metal such as gold, silver, copper, etc., as vehicle installations or activities."
2731,"ढलुवा फलाम वाट किटका भाँडाकुडा  वनाउने प्रतिष्ठानहरु वा क्रियाकलापहरु।","Watt iron pots GBV desk kitaka installations or activities."
2732,"ढलुवा फलाम वाट किटका भाँडाकुडा  वाहेक अन्य सामान वनाउने प्रतिष्ठानहरु वा क्रियाकलापहरु।","Desk accessories other than iron pots kitaka Watt predecessors installations or activities."
2811,"फलामका ढोका, झयाल, ग्रील, सटर आदि वनाउने प्रतिष्ठानहरु वा क्रियाकलापहरु।","Iron door, windows, grill, shutter, etc. installations or activities predecessors."
2812,"धातुका ट्याँकी, सिलीण्डर, कन्टेनर, आदि वनाउने प्रतिष्ठानहरु वा क्रियाकलापहरु।","Metal tank, silindara, container, etc., as vehicle installations or activities."
2891,"धातुका सामान गलाउने, पिट्ने, धातुको रड वनाउने , धातुलाइ धलो वनाउने प्रतिष्ठानहरु वा क्रियाकलापहरु।","Metal smelting goods, beatings, a metal rod that GBV, GBV dhatulai dhalo installations or activities."
2892,"धातुका वस्तुहरु रंगाउने वा त्यसमा लेख्ने क्रियाकलापहरु।","Metal objects painter or writing activities it."
2893,"घरायसी हाते सामानहरु जस्तै हसिंया, कुटो, वन्चरो, चक्कु, कोदालो आदि वनाउने  क्रियाकलापहरु।","Household products like hand hasinya, pruning, vancaro, knife, etc. GBV activities."
2899,"सियो, सानो तार, किला आदि वनाउने प्रतिष्ठानहरु वा क्रियाकलापहरु।","Needles, small wires, Fort legalization installations or activities."
2911,"पानी घट्ट, टर्वाइन, सोलर वर्क आदि वनाउने प्रतिष्ठानहरु वा क्रियाकलापहरु।","Water turbines, turbine, solar installations or activities GBV work, etc.."
2912,"पम्प, वासर, भल्भ आदि वनाउने प्रतिष्ठानहरु वा क्रियाकलापहरु।","Pumps, leaky, valves, etc., as vehicle installations or activities."
2913,"क्लच, गेअर, चेन आदि वनाउने प्रतिष्ठानहरु वा क्रियाकलापहरु।","Clutch, gear, chain, etc. as vehicle installations or activities."
2914,"स्टोभ, वर्नर आदि वनाउने प्रतिष्ठानहरु वा क्रियाकलापहरु।","Stove, Werner etc. installations or activities predecessors."
2915,"सामान उचाल्ने वा समाउने मेशिन वनाउने प्रतिष्ठानहरु वा क्रियाकलापहरु।","Goods lift or hold the machine installations or activities predecessors."
2919,"अन्य मेशिनहरु जस्तै  पंखा ,  तौलेने मेशिन , छर्कने , छाप्ने , ए. सि , आदि प्रतिष्ठानहरु वा क्रियाकलापहरु।","Other machines such as a fan, taulene machine, sprinkling, printing, e. Si, etc., installations or activities."
2921,"कृषि, पशु, र वन संवन्धि कम गर्ने साधनहरु जस्तै थेशर, कंरौती पशु आहार आदि वनाउने  क्रियाकलापहरु।","Agriculture, livestock, and forest resources to reduce such calls for thesara, kanrauti animal nutrition activities predecessors."
2922,"मेशिनका पार्टपूर्जा वनाउने जस्तै   पीध्ने , पे्रस गर्ने , चिल्याउने पुर्जा बनाउने प्रतिष्ठानहरु वा क्रियाकलापहरु।","Like its predecessors, exacerbated partapurja pidhne, Talking to, cilyaune parts making installations or activities."
2923,"धातुका मेशिनका सामान वा पार्टपूजा वनाउने प्रतिष्ठानहरु वा क्रियाकलापहरु।","Metal, exacerbated the goods or installations, or activities partapuja predecessors."
2924,"खानी तथा उत्खनन् को काममा प्रयोग हुने मेशिन उत्पादन गर्ने प्रतिष्ठानहरु वा क्रियाकलापहरु।","The machine used to work the mines and quarry production installations or activities."
2925,"खाद्य , पेय र सुर्ति जन्य वस्तु उत्पादन  गर्ने मेशिन जस्तै चुरोट वनाउने मेशिन , चिज वनाउने मेशिन , दूध प्रशोधन गर्ने मेशिन वनाउने प्रतिष्ठानहरु वा क्रियाकलापहरु।","Food, beverages and tobacco, machinery and produce goods such as cigarettes legalization of consensual machine, cheese machine GBV, GBV milk processing plant installations or activities."
2926,"कपडा वा छालाका वस्तुहरु जस्तै तान, धागो कात्ने चर्खा आदि वनाउने प्रतिष्ठानहरु वा क्रियाकलापहरु।","Fabric or leather goods such as air, spinning jenny, etc. installations or activities predecessors."
2927,"वारुद, गोली, वन्दुक आदि वनाउने प्रतिष्ठानहरु वा क्रियाकलापहरु।","Kgs, shoot, guns, etc. installations or activities predecessors."
2929,"विषेश उद्धेश्यका मेशिनहरु जस्तै   कपडा काट्ने मेशिन , टाएर वनाउने मेशीन वनाउने प्रतिष्ठानहरु।","Special purpose machines such as textile cutting machinery, taera GBV GBV Machine installations."
2930,"अन्यत्र उल्ख नगरिएका घरेलु उपकरणहरु जस्तै रेफि्रजीरेटर , पंखा , कुकर ,  हिटर , भ्याकुम क्लीनर , फलफूलको रस निचर्ने मेशिन वनाउने प्रतिष्ठानहरु वा क्रियाकलापहरु।","Elsewhere ulkha silent rephirajiretara as domestic devices, fans, cookers, heaters, vacuum cleaners, fruit juice machine legalization nicarne installations or activities."
3000,"फोटोकपी, टाइपराइटर, कम्प्युटरु, प्रीन्टर, क्यालकुलेटर आदि वनाउने प्रतिष्ठानहरु वा क्रियाकलापहरु।","Photocopying, typewriter, kampyutaru, printara, calculators, etc. installations or activities predecessors."
3110,"जेनेटर, ट्रान्सफर्मर, व्याट्री चार्जर आदि वनाउने प्रतिष्ठानहरु वा क्रियाकलापहरु।","Jenetara, transformers, battery chargers, etc. installations or activities predecessors."
3120,"विजुलीको स्विच, एम्पीयर मिटर, मिटर फ्युज आदि वनाउने प्रतिष्ठानहरु वा क्रियाकलापहरु।","Switch, ampere meter, the meter fuse, etc. installations or activities predecessors."
3130,"विजुलीको वाइरीङ्गको तार आदि वनाउने प्रतिष्ठानहरु वा क्रियाकलापहरु।","Vairingako electric wire, etc. installations or activities predecessors."
3140,"सवै प्रकारका व्याट्री वनाउने प्रतिष्ठानहरु वा क्रियाकलापहरु।","All types of battery installations or activities predecessors."
3150,"विजुली वत्तिका सामान जस्तै विजुलीको चिम,इन्फ्रा रेड चिम, फिलामेण्ट, अल्ट्राभाइलेट आदि वनाउने कार्यहरु।","Electric lighting accessories such as electric light bulb, the infra-red light bulb, philamenta, ultraviolet, etc. works legalization."
3190,"अन्यत्र उल्लेख नभएका विजुलीका सामान जस्तै  इलेक्ट्रीक कम्प्रेशर , वाइरिङ सेट , चोक वनाउने कार्यहरु।","As mentioned elsewhere goods without electricity Electric Compressor, set vairina, court actions predecessors."
3210,"विद्युतिय भल्भ , ट्यूव र विद्युतिय अन्य सामान जस्तै  फोटो क्याथोड , माइक्रो मोडल वनाउने  कार्यहरु।","Electric valves, and electronic accessories such as photo tyuva kyathoda, micro modal functions legalization."
3220,"रेडीयो, टेलीभिजन, क्यामरा, टेलिफोन आदि बनाउने क्रियाकलापहरु।","Radio, television, camera, telephone, etc. to make activities."
3230,"विभिन्न प्रकारका रिसिभरहरु जस्तै यएर फोन, क्यासेट, टेप आदि वनाउने प्रतिष्ठानहरु वा क्रियाकलापहरु।","As various kinds of risibharaharu yaera phone, cassette, tape, etc. installations or activities predecessors."
3311,"मेडीकल,सर्जिकल,अर्थोपेडिक कार्यमा प्रयोग हुने सामान वनाउने प्रतिष्ठानहरु वा क्रियाकलापहरु।","Medical, surgical, orthopedic goods to be used in the work of its predecessors installations or activities."
3312,"मापन गर्ने र नियन्त्रण गर्ने सामानहरु जस्तै थर्मोमिटर, व्यारोमिटर, मेजरिड टेप आदि वनाउने क्रियाकलापहरु।","Measurement and control products like thermometers, Barometer, mejarida tape etc. legalization activities."
3313,"औद्योगिक नियन्त्रण गर्ने वस्तुहरु जस्तै :  प्रेशर, तापक्रम, कन्ट्रोल चार्ट आदि वनाउने क्रियाकलापहरु।","Industrial control objects such as: pressure, temperature, control charts, etc. GBV activities."
3320,"चस्मा,क्यामरा, वाइनाकुलर, टेलीस्कोप आदि वनाउने प्रतिष्ठानहरु वा क्रियाकलापहरु।","Eyeglasses, cameras, vainakulara, telescope, etc. installations or activities predecessors."
3330,"घडी, घडीका पूर्जा, घडीको चेन ( मेटलको ) आदि वनाउने प्रतिष्ठानहरु वा क्रियाकलापहरु।","Clock, clock rage, clock chain (metal), etc. installations or activities predecessors."
3420,"मोटरको वडी बनाउने क्रियाकलापहरु।","Vadi vehicles making activities."
3599,"टाँगा, गाडा, रिक्सा आदि वनाउने  क्रियाकलापहरु।","Sleighs, carts, rickshaws etc. GBV activities."
3610,"घरायसी, कार्यालय, प्रयोगशाला आदिमा प्रयोगहुन फर्नीचर वनाउने प्रतिष्ठानहरु वा क्रियाकलापहरु।","Household, office, laboratory installations, or activities in the beginning, prayogahuna furniture predecessors."
3691,"सुन, चाँदी, हीरा आदिका गहना  वनाउने क्रियाकलापहरु।","Gold, silver, diamond jewelry, etc. GBV activities."
3692,"हार्विन, तवला, पियानो, मादल आदि वनाउने प्रतिष्ठानहरु वा क्रियाकलापहरु।","Harvina, drum, piano, danced, etc. installations or activities predecessors."
3693,"खेलकुदका सामान जस्तै स्पोर्ट शुज, वल, पन्जा, बोट  आदि वनाउने प्रतिष्ठानहरु वा क्रियाकलापहरु।","Sporting Goods Sport as suja, Wall, gloves, plants, etc. installations or activities predecessors."
3694,"खेलौना र खेलका सामान जस्तै पुतली, खेलौना, खेलौना मोटर, तास आदि वनाउने क्रियाकलापहरु।","Toys and games accessories such as doll, toy, toy car, card, etc. GBV activities."
3699,"छाता, टांक, कांइयो, व्रुस आदि वनाउने क्रियाकलापहरु।","Umbrella, button, kamiyo, vrusa etc. GBV activities."
3710,"खेर फालेका धातु वा धातुका टुक्रा पुनः प्रयोग गरी सामान वनाउने क्रियाकलापहरु।","Pieces of metal or metal re-use spent GBV activities and goods."
3720,"खेर फालेका कपडा र कपडाका टुक्रा पुनः प्रयोग गरी सामान वनाउने क्रियाकलापहरु।","Textiles and textile pieces, re-using spent luggage GBV activities."
4010,"विद्युत उत्पादन,संकलन र वितरण गर्ने प्रतिष्ठान वा क्रियाकलापहरु।","Electricity production, collection and distribution of establishments or activities."
4020,"ग्यांसका उत्पादन तथा वितरण जस्तै घर , उद्योग र अन्य प्रयागकर्तालाइ ग्यांस वितरण गर्ने कार्यहरु।","Gyansaka production and distribution such as home, industry and other prayagakartalai gyansa distribution functions."
4100,"पानीको संकलन  शुद्धिकरण र वितरण गर्ने प्रतिष्ठान वा क्रियाकलापहरु।","Collection and distribution of water purification installations or activities."
4510,"निर्माण स्थलको तयारी कार्य जस्तै साइट सम्म गर्ने वा वनाउने कार्यहरु।","Construction site preparation work until the site or its predecessors works like."
4520,"पुल, ढल, सडक, नहर,भवन आदि बनाउन  प्रतिष्ठान वा क्रियाकलापहरु।","Bridge, sewer, roads, canals, buildings etc. establishment or activities."
4530,"भवन वनाउदा विद्युत , पानी , इन्सुलेशन कार्य , दूरसंचारका उपकरण जडान गर्ने  कार्यहरु।","Building vanauda electricity, water, insulation work, Installation of telecommunications equipment functions."
4540,"डकर्मी, सिकर्मी र ल्पम्बिड गर्ने क्रियाकलापहरु।","Masons, carpenters, and the activities lpambida."
4550,"निर्माण गर्ने वा भत्काउने प्रयोजनका लगि डोजर , क्रेन , लरी आदि अप्रेटर सहित भाडामा लगाउने कार्यहरु।","The purpose of building or dismantling put excavators, cranes, including Laurie, etc. rented wear apretara functions."
5010,"मोटर, भेहिकलको थोक र खुद्रा विक्री गर्ने प्रतिष्ठान वा क्रियाकलापहरु।","Motor, vehicle wholesale and retail establishments selling or activities."
5020,"मोटर, भेहिकलको मर्मत र सर्भिसिड गर्ने प्रतिष्ठान वा क्रियाकलापहरु।","Motor, vehicle repair and sarbhisida the establishment or activities."
5030,"मोटर, भेहिकलको पार्ट  पूर्जाको  विक्री गर्ने प्रतिष्ठान वा क्रियाकलापहरु।","Motor, Vehicle Part rage selling establishments or activities."
5040,"मोटर, मोटरसाइकलको थोक र खुद्रा विक्री गर्ने प्रतिष्ठान वा क्रियाकलापहरु।","Motor, motor vehicle wholesale and retail establishments selling or activities."
5050,"पेट्रोलीयम पदार्थ ( पेट्रोल, डिजेल, मोबिल ) को थोक विक्री गर्ने क्रियाकलापहरु।","Petroleum products (petrol, diesel, Mobil) to wholesale and selling activities."
5110,"शुल्क लिइ वा करारका आधारमा गरिने थोक विक्री गर्ने कार्यहरु।","Charges will be forwarded, or the basis of the wholesale selling functions."
5121,"अप्रशोधित खाद्य बस्तु र जीवीत पशुपंगीको विक्री गर्ने क्रियाकलापहरु।","Untreated food items and selling activities pasupangiko yea."
5122,"प्रशोधित खाद्यन्न, फलफूल, तरकारी,चिया,कफी,सूर्ति आदिको विक्री गर्ने क्रियाकलापहरु।","Processed food supplies, fruits, vegetables, tea, coffee, tobacco, etc. and selling activities."
5131,"कपडा, लुगा, जुत्ताको थोक विक्री गर्ने क्रियाकलापहरु।","Textiles, clothing, shoes wholesale and selling activities."
5139,"घरायसी सामान जस्तै :  छाला, औषधी, कस्मेटीक सामान, इलेक्ट्रेानिक वस्तु, इलेक्ट्रीकल (विजुली) का वस्तु, पत्रीका, पुस्तक, गहना, घडी आदिको थोक विक्री गर्ने क्रियाकलापहरु।","Household goods such as leather, medicine, kasmetika goods, ilektreanika object, electrical (electric) of the object, derailment, book, jewelry, watches, etc. wholesale and selling activities."
5141,"ठोस, तरल र ग्याँस जस्ता इन्धनको थोक विक्री गर्ने क्रियाकलापहरु।","Solid, liquid and gas fuel, such as bulk selling activities."
5142,"कच्चा धातुको थोक विक्री कार्य","Wholesale sales of raw metal work"
5143,"हार्डवयर, चुन, सिमेण्टको थोक विक्री गर्ने क्रियाकलापहरु।","Hardware, choose, cement bulk and selling activities."
5149,"रसायनिक मल, अन्य मध्यबर्ति वस्तुको थोक विक्री गर्ने क्रियाकलापहरु।","Chemical fertilizers, bulk goods sold to other madhyabarti activities."
5150,"कृषि औजार, कार्यालय सामान, काठ आदिको थोक विक्री गर्ने क्रियाकलापहरु।","Agricultural tools, office furniture, wood, etc. wholesale and selling activities."
5190,"अन्य सामानको थोक विक्री जस्तै एउटै वस्तु समुहको विक्री गर्दा कुल आम्दानीको ५० प्रतिशत भन्दा कम आन्दानी हुने सामानको थोक विक्री गर्ने कार्यहरु।","Other goods such as bulk selling of the same item group sold a total income less than 50 percent of the wholesale selling works andani."
5211,"खाद्यान्न, सूर्ति, चिया, फर्निचर आदिको खुद्रा विक्री गर्ने क्रियाकलापहरु।","Food, tobacco, tea, furniture, etc. The activities Retail sales."
5219,"सामान्य पसलमा अन्य सामानको खुद्रा विक्री कार्य जस्ते  हार्डवयर , पर्निचर, कपडा, गहना , कसमेटिक आदि","General store zinc hardware accessories Retail sales work, parnicara, textiles, jewelry, etc. kasametika"
5220,"विशिष्टीकरण गरिएका वस्तु जस्ते दूध, तरकारी ,फुल , रक्सी , चुरोट आदिको सुद्रा वीक्री कार्य।","The object specialization zinc milk, vegetables, eggs, alcohol, cigarettes, etc. ChennaiEgm sudra work."
5231,"औषधि, कसमेटिक, सफाइ, बाथरुमको सामान आदिको खुद्रा विक्री गर्ने क्रियाकलापहरु।","Drug, kasametika, cleaning, etc. Retail sales of goods a bathroom activities."
5232,"कपडा, पोशाक, जुत्ता, यात्राका सामान आदिको खुद्रा विक्री गर्ने क्रियाकलापहरु।","Textiles, clothing, footwear, travel goods, etc. The activities Retail sales."
5233,"फर्निचर, मेशिन, विजुलीका सामान आदिको खुद्रा विक्री गर्ने क्रियाकलापहरु।","Furniture, machines, electricity, etc. Retail sales of goods activities."
5234,"हार्डवयर, चुन,रंग आदिको खुद्रा विक्री गर्ने क्रियाकलापहरु।","Hardware, choose, color, etc. The retail selling activities."
5239,"कार्पैट, घडी, गहना, किताव, पत्रीका, स्टेसनरी सामान,सफाइका  सामान, कम्प्यूटर, क्याल्कुलेटर,  आदिको खुद्रा विक्री गर्ने क्रियाकलापहरु।","Karpaita, watch, jewelry, book, derailment, Stationery goods, justified accessories, computer, calculator, etc. The retail selling activities."
5240,"सेकेण्ड हाइण्डका सामान  आदिको विक्री गर्ने क्रियाकलापहरु।","Second haindaka goods selling activities etc."
5252,"सडक पेटी, सार्बजनिक स्थल, घुम्ती पसल आदिमा खुद्रा विक्री गर्ने क्रियाकलापहरु।","Sidewalk, public places, the mobile market in the beginning of the retail sales activities."
5259,"हाटबजार, मेलामा वा भण्डिङ मेशिन द्धारा खुद्रा विक्री गर्ने क्रियाकलापहरु।","Stalls, fair or bhandina Retail sales of machinery and disbursement activities."
5260,"स्टोभ, छाता, मैनटोल, प्रेशर कुकर मर्मत गर्ने क्रियाकलापहरु।","Stove, umbrella, mainatola, pressure cooker repair activities."
5510,"होटल,लज, रेष्टुराँ, बार, क्याफे आदिको संचालन गर्ने क्रियाकलापहरु।","Hotels, lodges, restaurants, bars, cafés, etc. The activities conducted."
5520,"क्याटरीङ्ग सेवा प्रदान गर्ने क्रियाकलापहरु।","Kyataringa providing service activities."
6010,"रेल यातायात संचालन गर्ने क्रियाकलापहरु।","Rail transport activities operate."
6021,"बस, ट्रली बस, केबुल कार संचालन गर्ने क्रियाकलापहरु।","Bus, trolley bus, cable car and operate activities."
6022,"टाँगा, रिक्सा, टयाम्पू संचालन गर्ने क्रियाकलापहरु।","Carts, rickshaws, tayampu operational activities."
6023,"ट्रान्स्पोर्ट कंपनी, चौरी,गधा, खच्चर,गोरु गाडा,ठेल गाडा आदि वाट सामान वासार पसार गर्ने क्रियाकलापहरु।","Transporta company, yak, donkey, mule, ox carts, carts, etc. Watt lunge to stretch the activities vasara goods."
6120,"डुङ्गा,नौका, राफ्टीङ्ग, जल यातायातका साधन संचालन गर्ने क्रियाकलापहरु।","Boat, yacht, raphtinga, water transport means to conduct activities."
6210,"हवाइ जहाज, हेलीकप्टर, यएर ग्लाइडर, हट एअर वेलुनिङ्ग आदि संचालन गर्ने क्रियाकलापहरु।","By air, helicopter, glider yaera, Hot Air veluninga etc. The activities conducted."
6301,"कार्गो सेवा जस्तै यात्री वा व्यापारिक सामान लोड अन लोड गर्ने क्रियाकलापहरु।","Cargo services such as passenger or commercial goods on loading loading activities."
6302,"गोदाम, भण्डार आदिको संचालन गर्ने क्रियाकलापहरु।","Warehouse, storage, etc. The activities conducted."
6303,"बस, रेल, हवाइ स्टेशन आदिमा सामान वसार पसार गर्न सहयोग गर्ने क्रियाकलापहरु।","Bus, rail, air, station, carry goods to support activities in the beginning."
6304,"ट्राभल एजेन्सी, पर्यटन, ट्रेकिङ्ग सेवा संचालन गर्ने क्रियाकलापहरु।","Travel agency, tourism, trekinga service activities operate."
6309,"भंसार एजेण्ट सम्बन्धी सेवा संचालन गर्ने क्रियाकलापहरु।","Agent tariff related service activities operate."
6411,"चिठ्ठी पत्र, पार्सल, वुक पोष्ट, आदान प्रदान गर्ने र फीलाटेली सेवा संचालन गर्ने क्रियाकलापहरु।","Letter letter, parcel, post Wook, exchange and philateli service activities operate."
6412,"कुरिएर सेवा, द्रत डेलिभरी सेवा संचालन गर्ने क्रियाकलापहरु।","Kuriera service, delivery service operations, focusing the activities."
6420,"टेलीफोन, फयाक्सको  संचालन तथा मर्मत गर्ने क्रियाकलापहरु।","Telephone, fax operation and repair activities."
6511,"नोट प्रकाशन, मुद्रा निष्काशन, अन्य मौद्रीक संस्था संग समन्वय गर्ने क्रियाकलापहरु।","Note Publishing, currency expelled, to coordinate activities with other maudrika institution."
6519,"बाणिज्य बैंकहरु, मनी चेन्जरहरु सम्बन्धी काम गर्ने प्रतिष्ठान वा  क्रियाकलापहरु।","Commercial banks, money cenjaraharu establishment or activities related to work."
6591,"लीजीङ्ग सम्बन्धी सेवा संचालन गर्ने क्रियाकलापहरु।","Lijinga conduct activities related to the service."
6592,"कर्जा प्रदान गर्ने संस्थाहरु जस्तै :  NIDC, ग्रामिण विकास बैंक, कृषि विकास वैंक सम्बन्धी क्रियाकलापहरु।","Provide loans to institutions such as: NIDC, Rural Development Bank, Agricultural Development Bank related activities."
6601,"जीवन बीमा सम्बन्धी क्रियाकलापहरु जस्तै बिमा संस्थान, वीमा समिति आदि।","Life insurance-related activities, such as insurance institutions, insurance committees."
6602,"निवृत्त कोष संचालन गर्ने क्रियाकलापहरु जस्तै कौषी तोषा खाना, रक्षा कन्ट्रोलर, कर्मचारी संचय केाष आदि।","To fund activities retiring as food kausi tosa, Defence Controller, staff, etc. cache keasa."
6603,"निर्जीवन वीमा संचालन गर्ने क्रियाकलापहरु जस्तै बीमा कंपनीहरु, कर्जा संरक्षण निगम आदि।","Non-operational activities, such as insurance kampaniharu insurance, credit protection corporation etc."
6711,"वित्तिय वजार संवन्धी क्रियाकलापहरु जस्तै नागरीक लगानी कोष, शेयर मार्केट, NIDC क्यापीटल मार्केट आदि।","Financial activities, such as managing the lost a civil investment fund, stock market, NIDC kyapitala market and more."
6712,"सेक्युरीटी संवन्धी क्रियाकलापहरु जस्तै शेयर दलाल कंपनीहरु, दोस्रो वजार कार्यक्रमहरु आदि।","Sekyuriti activities such as stock brokers lost a kampaniharu, the second managing the programs and more."
6719,"बैँकर्स क्लव, दलाली संघ , आर्थिक सल्लाहकार संघ आदि सम्बन्धी कृयाकलापहरु।","Baimkarsa Club, brokerage Union, Economic Advisor to the Union, etc. activities are related."
6720,"बीमा , पेन्सन , उद्धार सम्बन्धी सहायक कृयाकलापहरु।","Insurance, pension, relief activities are related accessories."
7010,"रियल स्टेट र भाडा संवन्धी संचालन गर्ने क्रियाकलापहरु।","Real estate and rental activities lost a conduct."
7020,"रियलस्टेट सम्बन्धी कृयाकलापहरु।","Realty-related activities are."
7111,"चालकविना सवारिका साधनहरु जस्तै कार , भ्यान , लरी , कन्टेनर ट्रक आदि भाडामा दिने कृयाकलपहरु।","Vehicle calakavina facilities like car, van, lorry, container trucks, etc. kryakalapaharu hire."
7112,"जल यातायातका साधनहरु जस्तै डुगा, पटला आदि भाडामा दिने कृयाकलपहरु।","Water transport vehicles as duga, patala etc. kryakalapaharu hire."
7113,"पाइलटविना हवाइ यातायतका साधन जस्तै हेकप्टर हवाइजहाज आदि भाडामा दिने कृयाकलपहरु।","Pailatavina air as a means of traffic, airplanes, etc. hekaptara kryakalapaharu hire."
7121,"कृषि सम्बन्धी मेशिन वा उपकरण जस्तै ट्याकटर , थेसर , स्प्रे मेशिन भाडामा दिने कृयाकलपहरु।","Agricultural machinery or equipment such as in road, thesara, spray machine kryakalapaharu hire."
7122,"निर्माण एवं सीभिल इन्जीनियरिङ सम्बन्धी सामनहरु जस्तै क्रेन , डोजर , लरी आदि भाडामा दिने कृयाकलपहरु","Construction and Engineering related samanaharu sibhila as cranes, excavators, etc., Laurie rental kryakalapaharu"
7123,"कार्यलय सम्बन्धी सामाग्री जस्तै टाइपराइटर , डुप्लीकेटिङ मेशिन भाडामा दिने कृयाकलपहरु।","Office-related materials such as typewriters, machine rental kryakalapaharu dupliketina."
7129,"अन्धत्र उल्लेख नभएका सामान जस्तै टरवाइन , टेलिभिजन आदि भाडामा दिने कृयाकलपहरु।","As mentioned andhatra without luggage taravaina, television, etc. kryakalapaharu hire."
7130,"साईकल, संगीतका सामान ( वाजा) भिडियो टेप जस्ता सामान भाडामा दिने क्रियाकलापहरु।","Cycles, music accessories (waza) video tape rental activities, such as luggage."
7210,"कम्प्युटरको हार्डवेयर परामर्श सेवा प्रदान गर्ने क्रियाकलापहरु।","Computer hardware to provide consultation service activities."
7220,"कम्प्युटरको सफ्टवेरको परामर्श सेवा प्रदान गर्ने क्रियाकलापहरु।","Computer software to provide consulting services activities."
7230,"डाटा प्रशोधन र डाटा वेस संवन्धी क्रियाकलापहरु।","Data processing and data lost a Wes activities."
7240,"डाटा वेश जस्तै आर्थिक , तथ्यांक , कम्पूटर आकडा सम्बन्धी कृयाकलपहरु।","Data disguised as economic, statistics, a computer-related kryakalapaharu yield."
7250,"कम्पुटिङ मेशिन मर्मत जस्तै कम्पुटर आदि मर्मत  सम्बन्धी कृयाकलपहरु।","Computer etc. related to repair of the machinery and repair as kamputina kryakalapaharu."
7290,"अन्यत्र वर्गिकरणमा नपरेका कम्पुटर सम्बन्धी अन्य कृयाकलपहरु।","Elsewhere classification listed in the other kryakalapaharu Computer."
7310,"प्राकृतिक विज्ञान र इन्जिनियरीङ्ग विषयमा अनुसंन्धान गर्ने संवन्धी क्रियाकलापहरु।","Researching about the natural sciences and lost a injiniyaringa activities."
7320,"सामाजिक विज्ञान ( कानुन, समाजशास्त्र, अर्थशास्त्र ) विषयमा अनुसंन्धान गर्ने संवन्धी क्रियाकलापहरु।","Social sciences (law, sociology, economics) lost a subject of research activities to."
7411,"कानुन, वहश पैरवी, कानुनी परामर्श, वकालत गर्ने संवन्धी क्रियाकलापहरु।","Law, conferred advocacy, legal counseling, advocacy activities lost a."
7412,"लेखा परिक्षण गर्ने, व्यवसायीक लेखा तयार गर्ने क्रियाकलापहरु।","Audit testing, professional audit activities to prepare."
7413,"वजार अनुसन्धान, जनमत सर्भेक्षण आदि गर्ने क्रियाकलापहरु।","Managing the research, survey, etc. The activities polls."
7414,"व्यवसाय र वजार सम्वन्धी परामर्श सेवा प्रदान गर्ने क्रियाकलापहरु।","And managing the related business activities to provide counseling services."
7421,"भवन कला, इन्जिनियरीङ्ग सन्वन्धी सेवा प्रदान गर्ने क्रियाकलापहरु।","Building Art, injiniyaringa sanvandhi providing service activities."
7422,"प्रबिधिक परिक्षण , गुणस्तर र विष्लेशण जस्ते बलियोपना ,शुद्धता परिक्षण आदि कृयाकलपहरु।","Prabidhika test, and analyze the quality of zinc Strength, Accuracy tests etc. kryakalapaharu."
7430,"विज्ञापन एजेन्सी सम्वन्धी क्रियाकलापहरु।","Advertising Agency in relation to activities."
7491,"श्रमिक भर्ति एवं करार (वैदेशिक रोजगार कम्पनी आदि ) सम्वन्धी क्रियाकलापहरु।","Labor recruitment and contract (foreign employment company, etc.) related activities."
7492,"सुरक्षा गार्ड, अपराध अन्वेषण सम्वन्धी क्रियाकलापहरु।","Security guard, crime investigation related activities."
7493,"भवनको सफाइ सम्बन्धी कृयाकलपहरु।","Building Cleaning kryakalapaharu related."
7494,"फोटोग्राफी सम्वन्धी क्रियाकलापहरु।","Photography related activities."
7495,"प्याकिङ्ग सम्वन्धी क्रियाकलापहरु।","Packing related activities."
7499,"अन्यत्र वर्गिकरणमा नपरेका कृयाकलपहरु जस्तै  फेशन डिजाइन , भाषनुवाद","Elsewhere escaped classification as kryakalapaharu fashion design, bhasanuvada"
7511,"सार्वजनिक सैवा सम्बन्धी जस्तै मन्त्रालय,  विभाग, सामान्य सेवा प्रदान गर्ने कार्यालय,  सभिति,  प्रधिकरण, कंपनि,  भन्सार,  कर,  आदिमा काम गर्ने कृयाकलपहरु।","Public saiva as related ministries, departments, providing general services office, sabhiti, Authority, dish.Hey.Are, customs, tax, beginning kryakalapaharu work."
7512,"सामाजिक सेवा सम्वन्धी क्रियाकलापहरु।","Social service related activities."
7513,"व्यपार व्यवसाय जस्तै थोक व्यापार , खुद्रा व्यार , कृषि वजार आदि सम्बन्धी कृयाकलपहरु।","Business to business as wholesale trade, retail Chalo.Then, relating to agriculture were forced kryakalapaharu."
7514,"सरकार वा कर्मचारीको सेवासंग संम्बन्धी कार्यहरु जस्तै कर्मचारी सेवा संचालन सम्बन्धी कृयाकलपहरु।","Government or employees of chastity servicing functions such as the management of employee service kryakalapaharu."
7521,"कुटनीति, परराष्ट्र सम्वन्ध, अन्तराष्टि्रय वित्तिय एवं व्यापार सम्वन्धी क्रियाकलापहरु।","Diplomacy, foreign relationship, the international financial and trade related activities."
7522,"सैनिक सुरक्षा, सैनिक यातायात तथा सन्चार सम्वन्धी क्रियाकलापहरु।","Military security, military transport and communication related activities."
7523,"प्रहरी, सार्वजनिक शान्ति सुरक्षा, ट्राफिक सम्वन्धी क्रियाकलापहरु।","Police, public peace and security, traffic related activities."
7530,"सामाजिक सुरक्षा प्रदान गर्ने जस्तै वीमा , निबृत्रिभरण, उद्धार कार्य सम्बन्धी कृयाकलपहरु।","Like social security insurance, nibrtribharana, relief kryakalapaharu related."
8010,"प्राथमिक विद्यालय सम्वन्धी क्रियाकलापहरु।","Primary school related activities."
8021,"निम्न माध्यामिक एवं माध्यामिक विद्यालय सम्वन्धी क्रियाकलापहरु।","The following secondary and secondary school related activities."
8022,"प्राविधिक एवं व्यवसायीक स्कूल सम्वन्धी क्रियाकलापहरु।","Technical and vocational school related activities."
8030,"उच्च शिक्षा प्रदान गर्ने क्याम्पस, इन्स्टिच्यूट, विश्वविद्यालय सम्वन्धी क्रियाकलापहरु।","To provide higher education campus, Institute, University related activities."
8090,"प्रौढ शिक्षा तथा अन्य शिक्षा दिने सम्वन्धी क्रियाकलापहरु।","Adult education and other education related activities."
8511,"अस्पताल सम्वन्धी क्रियाकलापहरु।","The hospital related activities."
8512,"क्लिनिक सम्वन्धी क्रियाकलापहरु।","Clinic related activities."
8519,"एक्यूपन्चर, व्यायामशाला, प्रयोगशाला, आयूर्वेद औषधालय, ल्वड वैंक, होमियोप्याथी, स्वास्थ्य चौकी सम्वन्धी क्रियाकलापहरु।","Ekyupancara, gym, laboratory, pharmacy Aurwedik, lvada Bank, homeopathy, health posts related activities."
8520,"पशु स्वास्थ्य (Veterinary) सम्वन्धी क्रियाकलापहरु।","Animal Health (Veterinary) related activities."
8531,"वृद्धाश्रम, प्रसुती गृह सम्वन्धी क्रियाकलापहरु।","Age, maternity home related activities."
8532,"आवाश रहित सामाजिक कार्य जस्तै शरणर्थिको व्यावस्था,दैवी प्रकोप सम्बन्धी कृयाकलपहरु।","Avasa smoking as social work .Undoubtedly the law say, kryakalapaharu related disaster."
9000,"ढल निकास, फोहोर संकलन, सरसफाई सम्वन्धी क्रियाकलापहरु।","Sewerage, garbage collection, sanitation related activities."
9111,"व्यावसायीक तथा रोजगार सम्वन्धी संस्थाहरु जस्तै FNCCI, रोजगार परिषद् सम्वन्धी क्रियाकलापहरु।","Vyavasayika and employment related organizations like FNCCI, employment related activities Council."
9112,"पेशागत संस्थाहरु जस्तै पत्रकार संघ, प्राध्यापक संघ, आदि सम्वन्धी क्रियाकलापहरु।","Professional organizations such as journalists, professors union, etc. related activities."
9120,"ट्रेड यूनियन सम्वन्धी क्रियाकलापहरु।","Trade union related activities."
9191,"धार्मिक संस्थाका क्रियाकलापहरु जस्तै मन्दीर, चर्च, गुम्वा, मस्जीद आदि।","Temple management activities such as religious organizations, Church, Monastery, etc. masjida."
9192,"राजनैतिक संस्थाका क्रियाकलापहरु जस्तै राजनैतिक संघ संस्थाहरु आदि।","Activities of political organizations such as political associations and organizations and more."
9199,"परोपकार, च्यारीटि, रोटरी क्लव सम्वन्धी क्रियाकलापहरु।","Philanthropy, cyariti, Rotary Club related activities."
9211,"भिडियो फिल्म, चलचित्र, डकुमेन्ट्री वनाउने सम्वन्धी क्रियाकलापहरु।","Video film, movie, documentary legalization related activities."
9212,"चलचित्र हल, नाट्यशाला, प्रर्दशनी सम्वन्धी क्रियाकलापहरु।","Movie theater, theater, exhibit related activities."
9213,"रेडियो टेलिभिजन प्रशारण , टेपमा रेकर्ड गर्ने सम्बन्धी कृयाकलपहरु।","Radio television broadcast, tape recording with kryakalapaharu."
9214,"नाट्यकला , संगित, चित्रकारी , मूर्तिकार , लेखक आदि सम्बन्धी कृयाकलपहरु।","Arts, music, painting, sculptor, writer, etc. kryakalapaharu related."
9219,"डिस्को, सर्कस, आदि सन्चालन गर्ने सम्वन्धी क्रियाकलापहरु।","Disco, circus, etc. Measuring operations activities."
9220,"खवर, फोटोचित्र, कार्टुन, आदि जस्ता समाचार एजेन्सी सम्वन्धी क्रियाकलापहरु।","Trustworthy, photocitra, cartoons, etc. in relation to activities such as News Agency."
9231,"पुस्तकालय, म्यूजीयम, पुरातत्व आदि सम्वन्धी क्रियाकलापहरु।","Library, Museum, archeology, etc. related activities."
9232,"संग्रहालय , ऐतिहासिक स्थल , सांकृतिक स्थल आदिको संरक्षण गर्ने कृयाकलपहरु।","Museums, historic sites, cultural heritage site preservation kryakalapaharu etc."
9233,"वनस्पती उद्यान, चिडिया घर, वन्यजन्तु आरक्ष, निकुन्ज सम्वन्धी क्रियाकलापहरु।","Vegetable gardens, zoos, wildlife conservation areas, parks related activities."
9241,"फूटवल, गोल्फ, भलिवल, टेनिस जस्ता खेल सम्वन्धी क्रियाकलापहरु।","Football, golf, volleyball, tennis related activities, such as sports."
9249,"पार्क, क्यासिनो सम्वन्धी क्रियाकलापहरु।","Park, casino related activities."
9301,"लाउण्ड्री, ड्राई ल्कीनर, लुगा मर्मत गर्ने सम्वन्धी क्रियाकलापहरु।","Laundri, dry lkinara, clothing repair related activities."
9302,"कपाल, दाह्री काट्ने, मसाज गर्ने सम्वन्धी क्रियाकलापहरु।","Hair, shaving, massage the related activities."
9303,"लास गाड्ने, जलाउने, सडाउने सम्वन्धी क्रियाकलापहरु।","Cemeteries, burn, sadaune related activities."
9309,"भारी वोक्ने, जुत्ता मर्मत गर्ने सम्वन्धी क्रियाकलापहरु।","Heavy vokne, shoe-repair related activities."
9500,"निजी नोकर, माली, भान्छे, वच्चा हेर्ने, गेटपाले, घोडा हेर्ने सम्वन्धी क्रियाकलापहरु।","Private servant, gardener, cook, who gave birth to see, getapale, horse related activities to see."
9898,"Export Import Related works","Export Import Related works"
9899,"Communication related works","Communication related works"
9900,"UNDP, ILO, UN आदि जस्ता नेपाल स्थित अन्तराष्टि्रय संघ संस्थामा काम गर्ने सम्वन्धी क्रियाकलापहरु।","UNDP, ILO, UN, etc. work related activities in Nepal and the international association."
0001,"legal consultancy","legal consultancy"
0003,"Education consultancy and tuition, language","Education consultancy and tuition, language"
0004,"Web site related works","Web site related works"
0005,"Cargo and courier related works","Cargo and courier related works"
0006,"Entertainment services","Entertainment services"
0008,"International Jobs","International Jobs"
0009,"Handicraft related jobs","Handicraft related jobs"
0111,"खाद्य वस्तुहरु जस्तै धान, सुर्ति, भटमास, जडीवुटी, तोरी, रवर आदिको खेती गर्ने।","Food items such as rice, tobacco, soybeans, jadivuti, zucchini, etc ravara cultivate."
0112,"सागसव्जी, फूल नर्सरी आदिको खेती गर्ने।","Vegetable, flower nursery, cultivating the."
0113,"फलफूल, मसला र चिया कफि आदिको खेती गर्ने।","Fruits, spices, coffee and tea, etc. to cultivate."
0121,"पशुपालन, दूध उत्पादन र पशु पोषण कार्य गर्ने।","Animal husbandry, milk production and animal nutrition work."
0122,"खरायो, सुंगुर, लौकाट, कुखुरा, हांस, सुगा, गोही, मौरी, रेशम किरा पालन गर्ने।","Rabbits, pigs, laukata, chicken, goose, parrots, crocodiles, bees, silk worm to follow."
0130,"खाद्य पदार्थको खेती गर्ने र पशु पंक्षी पालन (मिश्रित) खाद्य पदार्थ र पशुपालन गर्ने।","Food products, farming and animal keeping birds (mixed) foods and livestock."
0140,"कृषि सेवा, पशु हेरचाह, नष्ल सुधार एवं प्रजनन्, किटनाशक औषधी छर्ने सेवा।","Agriculture service, animal care, and breeding improvement nasla, pesticides, medicines sowing service."
0200,"वन उत्पादन, दाउरा काट्ने र संकलन गर्ने, वन विकास गर्ने।","Forest products, wood cutting and collection, forest development."
0500,"माछा पालन, माछा मार्ने, भूरा उत्पादन गर्ने ।","Fish, fishing, production of brown."
