Address,"Lat/Lng Geocode"
"Darjula,Mahakali,Nepal","29.8812097,80.7657804"
"Baitdi,Mahakali,Nepal","29.5185787,80.4688061"
"Dadeldhhura,Mahakali,Nepal","29.2188245,80.4993857"
"Kanchanpur,Mahakali,Nepal","28.8372008,80.3213106"
"Bajura,Seti,Nepal","29.355909,81.309723"
"Aachham,Seti,Nepal","29.05,81.3"
"Bajhang,Seti,Nepal","29.776669,81.2518833"
"Doati,Seti,Nepal","29.200598,80.8986502"
"Kailali,Seti,Nepal","28.831355,80.8986502"
"Dolpa,Karnali,Nepal","29.0538532,83.0790865"
"Mugu,Karnali,Nepal","29.866667,82.616667"
"Jumla,Karnali,Nepal","29.2787765,82.12784"
"Kalikot,Karnali,Nepal","29.2088617,81.734942"
"Humla,Karnali,Nepal","30.0051731,81.9534815"
"Jajrkot,Bheri,Nepal","28.73,82.22"
"Dailekh,Bheri,Nepal","28.837761,81.707977"
"Surkhet,Bheri,Nepal","28.517456,81.7787021"
"Banke,Bheri,Nepal","28.1460573,81.7787021"
"Bardia,Bheri,Nepal","28.3648644,81.5596427"
"Rukum,Rapti,Nepal","28.7434423,82.4752757"
"Rolpa,Rapti,Nepal","28.3815621,82.6483442"
"Pyuthan,Rapti,Nepal","28.1,82.866667"
"Salyan,Rapti,Nepal","28.3524811,82.12784"
"Dang,Rapti,Nepal","27.9903597,82.3017728"
"Mustang,Dhaulagiri,Nepal","28.9985065,83.8473015"
"Myagdi,Dhaulagiri,Nepal","28.6984652,83.4873496"
"Baglung,Dhaulagiri,Nepal","28.266667,83.6"
"Parbat,Dhaulagiri,Nepal","28.178049,83.6986568"
"Gorkha,Gandaki,Nepal","28,84.633333"
"Manang,Gandaki,Nepal","28.666667,84.016667"
"Lamjung,Gandaki,Nepal","28.2765491,84.3542049"
"Kaski,Gandaki,Nepal","28.2622146,84.0167423"
"Tanhu,Gandaki,Nepal","27.944705,84.2278796"
"Sayangja,Gandaki,Nepal","28.0196825,83.804868"
"Gulmi,Lumbini,Nepal","28.088934,83.2934086"
"Palpa,Lumbini,Nepal","27.8252522,83.634843"
"Aarghhakhachi,Lumbini,Nepal","27.9829269,83.0361376"
"Navalparasi,Lumbini,Nepal","27.6498409,83.8897057"
"Rupndehi,Lumbini,Nepal","27.45,83.25"
"Kapilbastu,Lumbini,Nepal","27.6541877,82.9931607"
"Rasuwa,Bagmati,Nepal","28.1727326,85.3136218"
"Dhadhing,Bagmati,Nepal","27.9711357,84.8984775"
"Nuwakot,Bagmati,Nepal","27.9194201,85.1660825"
"Kathmandu,Bagmati,Nepal","27.7,85.333333"
"Bhaktpur,Bagmati,Nepal","27.672222,85.427778"
"Lalitpur,Bagmati,Nepal","27.666667,85.316667"
"Kabhrepalanchowk,Bagmati,Nepal","27.525942,85.56121"
"Sindhupalchowk,Bagmati,Nepal","27.9512034,85.684578"
"Makwanpur,Narayani,Nepal","27.5546357,85.023346"
"Rauthat,Narayani,Nepal","26.7580974,85.2761274"
"Bara,Narayani,Nepal","27.1341114,85.0649071"
"Parsa,Narayani,Nepal","27.173588,84.8567932"
"Chitwan,Narayani,Nepal","27.5863482,84.3226488"
"Dolkha,Janakpur,Nepal","27.7784288,86.1751759"
"Ramechhap,Janakpur,Nepal","27.333333,86.083333"
"Sindhuli,Janakpur,Nepal","27.2568824,85.971322"
"Dhanusa,Janakpur,Nepal","26.728611,85.925"
"Mahottari,Janakpur,Nepal","26.6943279,85.8230251"
"Sarlahi,Janakpur,Nepal","26.9627141,85.56121"
"Solukhumbu,Sagarmatha,Nepal","27.7909733,86.6611083"
"Khotang,Sagarmatha,Nepal","27.2317177,86.8220341"
"Okhaldhunga,Sagarmatha,Nepal","27.316667,86.5"
"Udaypur,Sagarmatha,Nepal","26.8997919,86.7013894"
"Saptari,Sagarmatha,Nepal","26.6172621,86.7013894"
"Sirha,Sagarmatha,Nepal","26.652778,86.2075"
"Sankhuvasabha,Koshi,Nepal","27.6141916,87.1422895"
"Terhathun,Koshi,Nepal","27.198391,87.5000082"
"Bhojpur,Koshi,Nepal","27.166667,87.05"
"Dhankuta,Koshi,Nepal","26.983333,87.333333"
"Morang,Koshi,Nepal","26.6799002,87.460397"
"Sunsari,Koshi,Nepal","26.6275522,87.1821709"
"TapleJung,Mechi,Nepal","27.37,87.65"
"Pachthar,Mechi,Nepal","27.2036401,87.8156715"
"Ilam,Mechi,Nepal","26.909,87.927"
"Jhapa,Mechi,Nepal","26.63982,87.8942451"
"Kolkata,India","22.562627,88.363044"
"Rajshahi,Bangladesh","24.374002,88.601142"
"Jamshedpur,India","22.802776,86.185448"
"Durgāpur,India","23.499565,87.321552"
"Asansol,India","23.6833333,86.9833333"
"Bhātpāra,India","22.866431,88.401129"
"Bokāro,India","23.787317,85.956218"
"Pānihāti,India","22.690888,88.374038"
"Barddhamān,India","23.255716,87.856906"
"Jessore,Bangladesh","23.169714,89.213712"
"Bārāsat,India","22.225155,88.450864"
"Gosāba,India","22.165468,88.800703"
"Kharagpur,India","25.124458,86.555777"
"Dhanbad,India","23.801988,86.443244"
"Kultali,India","21.9,88.4"
"Pābna,Bangladesh","24.006439,89.237203"
"Baharampur,India","24.104727,88.251551"
"Haldia,India","22.060459,88.109748"
"Shāntipur,India","23.247225,88.433022"
"Krishnanagar,India","23.405761,88.490733"
"Kanchrapara,India","22.959984,88.428495"
"Kushtia,Bangladesh","23.902801,89.119434"
"Bānkura,India","23.232407,87.071599"
"Sātkhira,Bangladesh","22.708168,89.071846"
"Puruliya,India","23.330615,86.363034"
"Balasore,India","21.492658,86.933477"
"Chas,India","23.635557,86.16712"
"Bangaon,India","23.045525,88.830839"
"Bhadrakh,India","21.054469,86.515605"
"Contai,India","21.779849,87.748921"
"Ishurdi,Bangladesh","24.128581933125,89.065732955933"
"Kātoya,India","23.64558,88.132578"
"Bolpur,India","23.66278,87.696949"
"Chāībāsa,India","22.548247,85.804584"
"Siuri,India","23.908057,87.527734"
"Bishnupur,India","23.073804,87.319907"
"Arāmbāgh,India","22.8833333,87.7833333"
"Giridih,India","24.185608,86.307717"
"Jhārgrām,India","22.453839,86.994971"
"Narail,Bangladesh","23.155094,89.495148"
"Kāndi,India","23.959463,88.040176"
"Ghātāl,India","22.662444,87.733987"
"Rampur Hat,India","24.17737,87.782746"
"Barbil,India","21.656846,85.643487"
"Madhupur,India","24.274194,86.639287"
"Tamlūk,India","22.300832,87.925925"
"Bāruipur,India","22.352531,88.438825"
"Dumka,India","24.267785,87.248554"
"Kālīganj,Bangladesh","23.409639,89.138014"
"Pujali,India","22.471097,88.145301"
"Chittaranjan,India","23.856812,86.903241"
"Pāthardih,India","23.665798,86.431663"
"Bhātpāra Abhaynagar,Bangladesh","23.014724,89.439362"
"Chakradharpur,India","22.67626,85.629064"
"Tāki,India","22.588675,88.93253"
"Ghātsīla,India","22.585308,86.476822"
"Phultala,Bangladesh","22.716731,89.511936"
"Dubrājpur,India","23.790201,87.37648"
"Guskhara,India","23.492764,87.734841"
"Egra,India","21.899473,87.537941"
"Kesabpur,Bangladesh","22.907250019932,89.219541549683"
"Soro,India","21.278511,86.688333"
"Lālgola,India","24.422443,88.252384"
"Sonāmukhi,India","23.305205,87.413357"
"Pandua,India","23.074917,88.286374"
"Nalhāti,India","24.3,87.8166667"
"Jāmtāra,India","23.962999,86.802852"
"Barki Saria,India","24.175426,85.890774"
"Jaleshwar,India","21.801761,87.222497"
"Kuchaiburi,India","22.266747,86.173849"
"Balarāmpur,India","23.097143,86.222919"
"Raghunathpur,India","23.538777,86.673499"
"Būndu,India","23.161388,85.589251"
"Āmlāgora,India","22.846164,87.335587"
"Jhalida,India","23.365412,85.975812"
"Mahīshādal,India","22.186161,87.980716"
"Āmta,India","22.583438,88.010394"
"Khātra,India","22.976171,86.85462"
"Kenda,India","23.1959,86.51499"
"Gurdaha,India","22.7347222,88.7594444"
"Muragācha,India","23.53631,88.39425"
"Debīpur,India","24.250293,88.618237"
"Karīmpur,India","23.975938,88.619173"
"Chāmpua,India","22.067342,85.664631"
"Dhanwār,India","24.410985,85.981886"
"Jagannāthpur,India","22.221723,85.638009"
"Hesla,India","24.063181,85.879155"
"Topchānchi,India","23.903812,86.197916"
"Chāndil,India","22.957448,86.053307"
"Daitari,India","21.1,85.75"
"Digha,India","21.627761,87.519651"
"Nowlamary,Bangladesh","23.673462,88.988854"
"Manoharpur,Bangladesh","23.797759,89.18974"
"Kasba Nārāyangarh,India","22.155915,87.388181"
"Bhadrakhāli,Bangladesh","22.438811,89.042209"
"Kumrābād,India","24.179004,87.27124"
"Āmlai,Bangladesh","22.956337,88.922886"
"Sonāpukurpār,Bangladesh","23.5333333,89.5"
"Kodālia,Bangladesh","23.264887,89.237351"
"Matkumbera,India","22.672708,86.110608"
"Aliārpur,Bangladesh","23.569745,88.976042"
"Sātmorak,Bangladesh","22.56971,89.243418"
"Munda,Bangladesh","23.879762,88.799776"
"Palāspāl,India","21.218964,85.769938"
"Srifaltala,Bangladesh","22.349798,89.06938"
"Kumarirāni,Bangladesh","23.705127,89.383877"
"Sūra,Bangladesh","23.138187,88.960183"
"Tulsipāra,Bangladesh","23.311184,88.844293"
"Kalabagi,Bangladesh","22.41369,89.454606"
"Saktipur,India","23.858415,88.195839"
"Suliapādā,India","22.02799,86.942734"
"Chitla,Bangladesh","23.786032,88.720616"
"Rājāluka,India","22.163408,86.634272"
"Mandirtala,India","21.8022222,88.1005556"
"Bihār,Bangladesh","24.389253,89.000653"
"Uchalon,India","23.035919,87.774853"
"Khaira,India","25.859231,84.756778"
"Khanatapāda,India","21.401727,86.806834"
"Smgrhātali,Bangladesh","22.21124,89.139707"
"Raniar,India","22.65125,87.462243"
"Nurnagar,Bangladesh","22.830266,89.544934"
"Sugrai,India","23.150657,87.807632"
"Gokalpur,India","22.4658333,88.6444444"
"Dāghipāra,Bangladesh","24.228795,88.983717"
"Porādiha,India","21.558664,86.435501"
"Jonkula,Bangladesh","23.892028,89.436736"
"Beliāberā,India","22.272074,86.954139"
"Dublāberā,India","22.49215,86.289285"
"Kundali,India","21.59599,87.11901"
"Kendumundi,India","21.682935,86.107151"
"Hura,India","23.30337,86.657166"
"Fulbāri,Bangladesh","23.352313,89.545364"
"Bāgpāra,Bangladesh","23.988353,89.511496"
"Baincha,India","20.925635,86.899792"
"Gaurīnagar,Bangladesh","23.684208,88.603225"
"Purāsh,India","22.6766667,88.0497222"
"Kashipur,India","29.213985,78.956932"
"Chaulia,India","21.939032,87.294157"
"Karbindha,India","24.427653,87.311774"
"Bodo Rāruān,India","21.959417,85.861691"
"Jiragambhira,India","21.150096,86.427588"
"Bāngāla,Bangladesh","24.353968,89.4908"
"Moudh,Bangladesh","24.120311,89.40165"
"Bānkādāha,India","22.979265,87.357866"
"Chitarpur,India","23.574907,85.654768"
"Sonatala,Bangladesh","24.087037,88.74575"
"Fatebar,India","22.446071,87.627276"
"Simulia,India","21.70321,87.15712"
"Bāghmundi,India","23.189816,86.055473"
"Chahalā,India","21.985375,86.291795"
"Bānskupi,India","24.175645,86.675926"
"Khejuri,India","21.805042,86.303856"
"Sukinda,India","20.971896,85.912488"
"Sāgardānri,Bangladesh","22.812978,89.162522"
"Siliguri,India","26.710035,88.428512"
"Bhāgalpur,India","25.244462,86.971832"
"Rangpur,Bangladesh","25.746641,89.251662"
"Darbhanga,India","26.152155,85.897069"
"Bogra,Bangladesh","24.850978,89.371075"
"Dinājpur,Bangladesh","25.627449,88.637791"
"Munger,India","25.375562,86.47352"
"Saidpur,Bangladesh","25.777691845546,88.891689777374"
"Purnia,India","25.778954,87.474221"
"Katihar,India","25.538521,87.570443"
"Pār Naogaon,Bangladesh","24.804179,88.948752"
"Birātnagar,Nepal","26.483096036918,87.283372879028"
"Rāiganj,India","25.612809,88.124486"
"Ingrāj Bāzār,India","25.004466,88.145733"
"Jaigaon,India","26.847659581145,89.375581741333"
"Saharsa,India","25.885045,86.594707"
"Nawābganj,Bangladesh","24.59025,88.274443"
"Bālurghāt,India","25.220988,88.777317"
"Darjeeling,India","27.0333333,88.2666667"
"Dharān Bāzār,Nepal","26.812479,87.283551"
"Jalpāiguri,India","26.5166667,88.7333333"
"Begusarai,India","25.418528,86.133895"
"Sāhibganj,India","25.242371,87.649083"
"Kishanganj,India","26.102823,87.952047"
"Janakpur,Nepal","26.718284,85.906456"
"Luckeesarai,India","25.176497,86.094701"
"Jangipur,India","24.470006,88.07659"
"Koch Bihār,India","26.325388,89.445084"
"Jamūi,India","24.925888,86.225737"
"Dhulian,India","24.6833333,87.9666667"
"Joypur Hāt,Bangladesh","25.101471,89.02734"
"Madhubani,India","27.000132,84.10396"
"Thākurgaon,Bangladesh","26.030969,88.46989"
"Arāria,India","26.148451,87.514041"
"Goyerkāta,India","26.699842347159,89.025650024414"
"Gangarampur,India","25.401377,88.52978"
"Lalmanirhat,Bangladesh","25.917194,89.445946"
"Supaul,India","26.115033,86.595266"
"Samastīpur,India","25.860773,85.789706"
"Islāmpur,India","26.265414,88.189823"
"Khagaria,India","25.510493,86.476274"
"Bārh,India","25.484383,85.710266"
"Panchagarh,Bangladesh","26.333381,88.557774"
"Ithari,Nepal","26.6666667,87.2833333"
"Kārsiyāng,India","26.882511,88.27729"
"Teghra,India","25.491088,85.941662"
"Forbesganj,India","26.298573,87.267096"
"Goddā,India","24.823792,87.212849"
"Barhiya,India","25.28814,86.020554"
"Dīnhāta,India","26.135257,89.461293"
"Naugachhia,India","25.387065,87.09856"
"Dhupgāri,India","26.589038,89.00732"
"Bānka,India","24.880912,86.922572"
"Jhā Jhā,India","24.77418,86.38005"
"Wāris Alīganj,India","25.017198,85.640475"
"Pīrgaaj,Bangladesh","25.855871,88.359426"
"Rājbirāj,Nepal","26.5333333,86.75"
"Bihārīganj,India","25.734145,86.988371"
"Badarganj,Bangladesh","25.674188,89.05377"
"Dhankutā,Nepal","26.9833333,87.3333333"
"Lahān,Nepal","26.729584,86.495152"
"Jhanjhārpur,India","26.26467,86.279925"
"Rusera,India","25.753554,86.025974"
"Kasba,India","25.856428,87.538359"
"Banmankhi,India","25.886668,87.194909"
"Sirāhā,Nepal","26.654109,86.208704"
"Manihāri,India","25.338909,87.61998"
"Jaleswar,Nepal","26.647113,85.800806"
"Chhātāpur,India","26.222677,87.003456"
"Amarpur,India","25.039667,86.902473"
"Farakka,India","24.8166667,87.9"
"Dalsingh Sarai,India","25.667953,85.836358"
"Malangwa,Nepal","26.856787,85.558106"
"Bhadrapur,Nepal","26.54404,88.094359"
"Kodarma,India","24.46802,85.593426"
"Ilām,Nepal","26.909431,87.928242"
"Jasidih,India","24.513792,86.645757"
"Thākurganj,India","26.427423,88.131123"
"Samtse,Bhutan","26.899032,89.099507"
"Dalkola,India","25.875765,87.840094"
"Pupri,India","26.470786,85.70311"
"Mohiuddinnagar,India","25.573415,85.673404"
"Bariārpur,India","25.288477,86.575781"
"Tsimasham,Bhutan","27.098903,89.536042"
"Odlābāri,India","26.836439,88.629429"
"Daulatpur,India","25.326052,88.329887"
"Singtām,India","27.232745,88.499905"
"Jorethang,India","27.106962,88.323324"
"Bhojpur,Nepal","27.935647,81.775548"
"Daphu,Bhutan","26.9666667,89.3833333"
"Kukurwa,Nepal","26.844953106,85.9802255492"
"Uttargrām,Bangladesh","24.885754,88.781638"
"Bāzedhanesawar,Bangladesh","24.659458,88.887949"
"Bāgra,Bangladesh","25.534556,88.948252"
"Paschim Saidpur,Bangladesh","24.997123,89.211194"
"Tuwakhola,Nepal","27.041723375,86.7316467309"
"Hozrapukur,Bangladesh","24.977188,88.60073"
"Dhemdalu,Nepal","27.2419297925,86.5205845703"
"Majhbari,Nepal","26.7611054111,87.8798201873"
"Dundia,Bangladesh","25.169867,89.468901"
"Khangre,Nepal","27.2215141551,85.8023774944"
"Rādhikāpur,Bangladesh","25.934554,88.333996"
"Maini,Nepal","26.8921376528,86.414105704"
"Dhakalgaun,Nepal","27.0774432804,87.5084291564"
"Phalante,Nepal","27.1688651955,87.6621442053"
"Latan,Bangladesh","25.95334,88.658243"
"Terōil,Bangladesh","25.204454,89.199422"
"Adairpara,Bangladesh","24.444254,88.44288"
"Ghagoa,Bangladesh","25.607663,89.509236"
"Ramnagar,Nepal","26.929223938,85.8152281275"
"Maichok,Nepal","26.6582122662,87.869929499"
"Pāik Pāthālia,Bangladesh","24.6833333,89.4333333"
"Bhelakopa,Bangladesh","25.827115,89.43659"
"Madhubanpur,Bangladesh","25.859471,88.732304"
"Buzruk Ruhea,Bangladesh","25.378615,89.437087"
"Daman,Nepal","26.9966713669,86.2135696573"
"Ahale,Nepal","27.1162861995,86.0826566764"
"Bangrām,Bangladesh","25.094723,88.611577"
"Raula,Nepal","26.9122473179,87.2643100038"
"Mandirtol,Nepal","26.5716978852,87.4404682949"
"Pāmuli,Bangladesh","26.139905,88.674556"
"Malbase,Nepal","26.8919789737,87.5661420402"
"Jaguwa,Nepal","26.4018724509,87.3567166472"
"Labatoliya,Nepal","26.6309111583,86.9325580149"
"Arantar,Nepal","26.8826009018,86.834178055"
"Bisupāra,Bangladesh","24.54279,88.832901"
"Chengan,Bangladesh","25.723213,88.469751"
"Chheri,Nepal","26.9553873022,86.7889986454"
"Sālmāri,India","25.618097,87.839671"
"Katahare,Nepal","27.2504518761,87.1492775421"
"Ludin,Nepal","27.1559146075,87.9295169534"
"Hāsim,Bangladesh","25.68717,89.495633"
"Gorak Mondal,Bangladesh","25.991213,89.505515"
"Bhulke,Nepal","26.8141322442,86.3924170973"
"Khoksa,Bangladesh","24.452233,88.875563"
"Bandoil,Bangladesh","24.786265,88.491051"
"Bhatchhala,Bangladesh","25.286911,89.198539"
"Koiritol,Nepal","27.0131135162,85.6709990447"
"Raiganj,Bangladesh","24.507345,89.527383"
"Gahate,Nepal","27.1883652166,86.2126621009"
"Lalichok,Nepal","27.0056238054,87.8571562958"
"Sallegaun,Nepal","27.1141948297,86.440885934"
"Chisapani,Nepal","27.0923225889,85.7145083557"
"Mudhe,Nepal","27.2560389009,86.7874604688"
"Laksmipur,Nepal","26.4612109822,86.8668531117"
"Khānpur,Bangladesh","25.523427,88.622507"
"Fatehpur,Nepal","26.72724,86.937033"
"Bātāla,Bangladesh","24.761635,88.198415"
"Sakhuwa,Nepal","26.6347133615,86.4987696766"
"Rādhānagar,Bangladesh","24.904461,88.393691"
"Bīl Borin,Bangladesh","24.6833333,88.3166667"
"Dharma,Bangladesh","25.086563,89.407214"
"Katake,Nepal","27.2634424288,87.5124978238"
"Sāhābāj,Bangladesh","25.509143,89.451374"
"Maksu,Nepal","27.0898394847,87.1695733139"
"Chilahāti,Bangladesh","26.241688,88.802611"
"Olang,Nepal","28.1364494103,84.6750315667"
"Gahirung,Nepal","26.8031417439,86.6845869434"
"Khayerpara,Bangladesh","25.402088,88.967683"
"Kamāt Changrabāndha,Bangladesh","26.421991,88.947312"
"Bobek,Nepal","27.018525353,87.0332022114"
"Rāmgarh,India","24.56449,87.250645"
"Bāshdaha,Bangladesh","26.040758,88.882854"
"Anna,Nepal","26.9952734077,87.5924916743"
"Galgaliya,Nepal","26.491498914,87.6785240646"
"Rājgān,India","24.54557,87.867578"
"Kaua Kol,India","24.844519,85.886287"
"Sisne,Nepal","27.2577495457,87.939948702"
"Nautāra,Bangladesh","26.139429,88.992895"
"Borio,India","25.035947,87.589692"
"Dhaneshari,India","25.995253,87.128844"
"Jaipura,India","24.586958,86.860531"
"Ninda,Nepal","26.793328473,88.1611891289"
"Gaighāt,India","25.040818,86.493449"
"Tisri,India","24.575477,86.064646"
"Beldaur,India","25.594653,86.790872"
"Saksohāra,India","25.36354,85.70144"
"Dūmte,Bhutan","27.045532,89.182751"
"Pathari,Nepal","26.658616123,87.5673462685"
"Kanpur,India","26.447802,80.346273"
"Lucknow,India","26.839281,80.923133"
"Agra,India","27.1833333,78.0166667"
"Gwalior,India","26.229825,78.173369"
"Jhānsi,India","25.454464,78.582208"
"Firozabad,India","27.149408,78.401802"
"Satna,India","24.582245,80.824803"
"Etāwah,India","26.777797,79.021592"
"Rewa,India","24.533985,81.295955"
"Rāe Bareli,India","26.219103,81.244993"
"Bhind,India","26.566715,78.787278"
"Fatehpur,India","27.172533,81.21077"
"Shivpurī,India","25.423483,77.660667"
"Unnāo,India","26.547061,80.487806"
"Orai,India","25.990738,79.453154"
"Bānda,India","25.475338,80.335803"
"Morena,India","26.502855,78.001632"
"Lalitpur,India","24.690545,78.418882"
"Chhatarpur,India","24.914225,79.587805"
"Dhaulpur,India","26.692864363817,77.879676818848"
"Mainpuri,India","27.23,79.028816"
"Datia,India","25.67249,78.458149"
"Mahoba,India","25.292219,79.872312"
"Nawābganj,India","28.539659,79.632818"
"Kannauj,India","27.0546,79.922"
"Tīkamgarh,India","24.744131,78.831408"
"Auraiya,India","26.463134,79.51167"
"Ashoknagar,India","24.574676,77.730382"
"Rāth,India","25.594533,79.566319"
"Dabra,India","25.896958,78.329378"
"Chhibrāmau,India","27.14753,79.499792"
"Bāri,India","26.646608,77.616345"
"Jālaun,India","26.1451,79.3366"
"Sandīla,India","27.070424,80.514603"
"Konch,India","25.994508,79.151273"
"Gohad,India","26.424161,78.440935"
"Panna,India","24.721473,80.188085"
"Atarra Buzurg,India","25.285703,80.571442"
"Kālpi,India","26.1166667,79.7333333"
"Ambāh,India","26.70531,78.227122"
"Ghātampur,India","26.152717,80.168034"
"Maudaha,India","25.68355,80.113705"
"Bāngarmau,India","26.891197,80.211489"
"Bindki,India","26.036132,80.576174"
"Babīna,India","25.242152,78.466032"
"Hamīrpur,India","25.955818,80.148818"
"Zaidpur,India","26.829635,81.329784"
"Lahār,India","26.194008,78.941371"
"Jagdīshpur,India","26.749674,80.545096"
"Shamsābād,India","27.016276,78.123481"
"Rājākhera,India","26.898023,78.171004"
"Fatehpur Sikri,India","27.0937,77.660027"
"Sirsāganj,India","27.057449,78.686647"
"Bāmor Kalān,India","24.893088,78.151302"
"Jaswantnagar,India","26.882335,78.901868"
"Bilgrām,India","27.175026,80.031716"
"Bidhūna,India","26.801718,79.508289"
"Jora,India","26.34209,77.809201"
"Karera,India","25.461652,78.139411"
"Jāis,India","26.264587,81.547796"
"Gursarāi,India","25.616765,79.180527"
"Kunda,India","25.71935,81.512675"
"Charkhāri,India","25.401386,79.750446"
"Jhinjhak,India","26.560037,79.73442"
"Bhānder,India","25.735331,78.745756"
"Purwa,India","26.458112,80.774159"
"Sidhaulī,India","27.26761,80.810293"
"Nāgod,India","24.570502,80.586547"
"Samthar,India","25.843309,78.905819"
"Achhnera,India","27.1787,77.757388"
"Bijāwar,India","24.626249,79.49243"
"Mau,India","25.941667,83.561111"
"Akbarpur,India","26.430431,82.536734"
"Rānīpur,India","25.251015,79.062311"
"Daboh,India","26.002391,78.876584"
"Bhitarwār,India","25.792389,78.110774"
"Jarwal,India","27.164415,81.539932"
"Sarāi Ākil,India","25.378408,81.511298"
"Indergarh,India","26.935206,79.671196"
"Kolāras,India","25.219421,77.61179"
"Jatāra,India","25.009208,79.047775"
"Narwar,India","25.643903,77.9129"
"Manjhanpur,India","25.530566,81.373713"
"Malīhābād,India","26.922234,80.710778"
"Kamalganj,India","27.262501,79.631542"
"Rura,India","26.486998,79.902426"
"Mihona,India","26.283795,78.980157"
"Baberu,India","25.547112,80.704425"
"Bah,India","26.869911,78.594434"
"Naraini,India","25.190325,80.474995"
"Ajaigarh,India","24.897468,80.258941"
"Mānikpur,India","25.063459,81.098254"
"Karārī,India","25.452414,81.426752"
"Dewa,India","27.035838,81.167079"
"Salon,India","26.027521,81.454876"
"Bakewar,India","26.661995,79.177192"
"Chīrgaon,India","25.572665,78.814251"
"Simaria,India","24.795318,81.151531"
"Rājāpur,India","25.387273,81.151372"
"Kharelā,India","25.542137,79.812965"
"Tālbahat,India","25.042222,78.433638"
"Kadaura,India","25.985365,79.838424"
"Tekanpur,India","25.994009,78.283222"
"Sirāthū,India","25.64362,81.318835"
"Khargāpur,India","24.823,79.144"
"Khāga,India","25.771654,81.101434"
"Khailār,India","25.341091,78.53184"
"Gurh,India","24.502023,81.500949"
"Bachhrāwān,India","26.470817,81.115282"
"Mangawān,India","24.667674,81.546732"
"Sikandra,India","26.366803,79.630424"
"Saurikh,India","27.029652,79.487854"
"Dalmau,India","26.068714,81.032402"
"Chandla,India","25.07199,80.193412"
"Badarwās,India","24.976131,77.566447"
"Bisenda Buzurg,India","25.403623,80.619059"
"Bahua,India","25.839169,80.622444"
"Tori Fatehpur,India","25.452432,79.112712"
"Jagnair,India","26.862429,77.602391"
"Jasrāna,India","27.235658,78.652562"
"Nagrām,India","26.618999,81.140783"
"Pāli,India","24.492772,78.41654"
"Mahroni,India","24.587003,78.727965"
"Kotra,India","25.807659,79.308823"
"Sarīla,India","25.775794,79.675346"
"Kothi,India","24.751359,80.774704"
"Nadīgaon,India","26.108018,79.022751"
"Gohānd,India","25.698947,79.545643"
"Kotār,India","24.6978,80.981203"
"Itaunja,India","27.083431,80.89818"
"Bhagwantnagar,India","26.223898,80.756366"
"Mahārājganj,India","26.110664,84.503817"
"Bīghāpur Khurd,India","26.347341,80.65698"
"Sārh,India","26.234243,80.346054"
"Mai,India","26.384863,79.188438"
"Rājpur,India","24.96965,78.352166"
"Nandanpur,India","24.909339,78.769586"
"Sītpura,India","24.768927,78.394272"
"Damāpur,India","26.710362,79.841277"
"Luktara,India","25.610775,80.321923"
"Ritaur,India","26.46066,79.189079"
"Khanjora,India","24.82496,78.7547"
"Jagatpur Ahīr,India","26.23757,79.40746"
"Pagāro,India","24.762678,79.494381"
"Harīnaga,India","24.554734,79.164156"
"Chirpura,India","25.093613,78.805671"
"Dakhnesar,India","25.718668,79.232596"
"Sarha,India","25.097642,80.541805"
"Muhabbatpur,India","26.960312,79.016151"
"Lilwa,India","25.373868,79.320281"
"Atrauli,India","28.029637,78.285715"
"Gonour,India","24.457677,80.249159"
"Kunwarpur,India","26.314852,78.18874"
"Sāraskheri,India","24.736078,77.791918"
"Shāhgarh,India","24.472602,79.527397"
"Thuna,India","24.5,81.0166667"
"Jyunri,India","26.638371,79.829459"
"Ajgain,India","26.619277,80.62869"
"Barohar,India","24.646623,79.178829"
"Imlāna,India","24.717783,79.182736"
"Jyār,India","25.234233,78.74921"
"Pārsol,India","24.887063,77.778141"
"Lahūra,India","26.066901,79.45962"
"Pachāra,India","25.280245,79.498048"
"Darona,India","24.510609,78.739407"
"Ghūra,India","24.767941,79.852808"
"Chauka,India","24.8358,79.512503"
"Midora,India","24.993181,78.772399"
"Kemwārī,India","25.956024,77.859797"
"Mustafābād,India","25.906896,81.293089"
"Tarahti,India","25.012687,80.483145"
"Sati,India","24.995589,79.474079"
"Ghātīgaon,India","26.053982,77.937692"
"Chirūla,India","25.577288,78.482767"
"Karai,India","25.884229,77.893651"
"Gajna,India","24.815974,80.473732"
"Bachhon,India","24.986079,80.101612"
"Sonī,India","26.522237,78.556758"
"Bālāmau,India","27.1666667,80.35"
"Lugāsī,India","25.076951,79.56928"
"Alopa,India","24.919632,79.149717"
"Gajner,India","26.285386,80.062311"
"Parorā,India","25.159727,77.944603"
"Sarendhi,India","26.937674,77.681516"
"Shiugarh,India","26.542042,81.250546"
"Sareni,India","26.149129,80.828314"
"Karwi,India","25.214733,80.916454"
"Bhilwāl,India","26.705057,81.259655"
"Pichor,India","25.176082,78.190365"
"Mahāsā,India","25.003922,77.966437"
"Patna,India","25.60222,85.119356"
"Varanasi,India","25.316682,83.010415"
"Allahabad,India","25.448937,81.833285"
"Gorakhpur,India","26.754792,83.372353"
"Gaya,India","24.796858,85.003852"
"Muzaffarpur,India","26.122593,85.390553"
"Bihār Sharīf,India","25.197294,85.523736"
"Arrah,India","25.563139,84.671368"
"Mirzāpur,India","25.145825,82.569752"
"Chhapra,India","25.780998,84.730889"
"Jaunpur,India","25.755062,82.683606"
"Faizābād,India","26.776913,82.132917"
"Hājīpur,India","25.690026,85.209542"
"Gonda,India","27.13253,81.968968"
"Birgunj,Nepal","27.010428,84.877352"
"Dehri,India","24.905035,84.182893"
"Deoria,India","26.50167,83.779364"
"Bettiah,India","26.8024,84.498734"
"Siwān,India","26.221521,84.358792"
"Āzamgarh,India","26.067583,83.183639"
"Basti,India","26.794457,82.732846"
"Motīhāri,India","26.657382,84.919222"
"Sultānpur,India","26.259959,82.073137"
"Bagaha,India","24.526266,85.060941"
"Ghāzīpur,India","25.580516,83.580581"
"Nawāda,India","24.886697,85.543638"
"Jahānābād,India","25.213978,84.987723"
"Buxar,India","25.574731,83.97867"
"Aurangābād,India","24.753888,84.374065"
"Tāndā,India","26.550632,82.658018"
"Bhadohi,India","25.3949,82.566358"
"Jumri Tilaiyā,India","24.4349,85.529509"
"Bela,India","25.921038,81.99909"
"Gopālganj,India","26.46734,84.440413"
"Sītāmarhi,India","26.593565,85.490601"
"Masaurhi Buzurg,India","25.352487,85.034449"
"Bhabua,India","25.041331,83.607886"
"Padrauna,India","26.904237,83.981042"
"Bikramganj,India","25.212616,84.254091"
"Fatwa,India","25.509735,85.30273"
"Daudnagar,India","25.034751,84.400167"
"Bānsi,India","27.179786,82.934094"
"Ghosi,India","26.103181,83.543789"
"Rājgīr,India","25.027701,85.421329"
"Robertsganj,India","24.688895,83.066316"
"Bairāgnia,India","26.740625,85.27323"
"Barauli,India","26.381488,84.587243"
"Chunār,India","25.129094,82.883599"
"Bodh Gaya,India","24.697935,84.99213"
"Kopāganj,India","26.020288,83.565932"
"Zamānia,India","25.419614,83.557858"
"Lālganj,India","25.931825,81.704781"
"Rasrā,India","25.856909,83.85455"
"Jalālpur,India","26.31041,82.737994"
"Jagdīspur,India","25.468774,84.419253"
"Piro,India","25.329888,84.408027"
"Maner,India","25.647281,84.874182"
"Lār,India","26.202578,83.967921"
"Shāhganj,India","26.05263,82.68134"
"Husainābād,India","24.528495,83.999997"
"Marhaura,India","25.969273,84.862213"
"Mauganj,India","24.666287,81.874103"
"Mehndāwal,India","26.976844,83.10973"
"Ahraurā,India","25.01611,83.033074"
"Sheohar,India","26.513934,85.293405"
"Sikandarpur,India","26.043056,84.054257"
"Reoti,India","25.850169,84.377943"
"Saidpur,India","25.538343,83.221222"
"Phūlpur,India","25.548422,82.089782"
"Mariāhū,India","25.600029,82.601871"
"Nabīnagar,India","24.606582,84.12719"
"Chillūpār,India","26.282591,83.506784"
"Mau Aimma,India","25.694525,81.922587"
"Tekāri,India","24.942165,84.842997"
"Handiā,India","25.363443,82.187715"
"Chākia,India","26.415976,85.046654"
"Belthara,India","26.127467,83.890778"
"Teonthar,India","24.982092,81.642239"
"Pipraich,India","26.827992,83.526886"
"Shāhpur,India","25.602127,84.404118"
"Mehnagar,India","25.87852,83.115588"
"Kota,India","24.447107,83.130256"
"Bānsgaon,India","26.55222,83.344941"
"Shankargarh,India","25.179776,81.617087"
"Kirākat,India","25.636981,82.916052"
"Amethi,India","26.156829,81.805674"
"Bilariāganj,India","26.197008,83.227713"
"Bīkāpur,India","26.594523,82.132531"
"Sirsa,India","25.261772,82.091431"
"Hāta,India","26.741959,83.744594"
"Sādāt,India","25.672661,83.303968"
"Mankāpur,India","27.048052,82.231002"
"Patti,India","25.921426,82.199594"
"Naigarhī,India","24.787776,81.777068"
"Haraiya,India","26.794936,82.464401"
"Tikaitnagar,India","26.945842,81.565436"
"Antu,India","26.056519,81.903388"
"Musāfirkhāna,India","26.375606,81.800021"
"Kādīpur,India","26.167787,82.370275"
"Lal Bhadurtol,Nepal","27.0514001052,85.4406262912"
"Ghatdamar,Nepal","27.2359396601,85.4116868954"
"Dumariya,Nepal","26.81878803,85.4037304439"
"Ramauli,Nepal","27.1041392545,84.9710574921"
"Pakadia,Nepal","26.9099005413,85.5009054242"
"Lāi,India","25.508422,84.808536"
"Bijayabasti,Nepal","27.2557435673,84.681632526"
"Bhīta,India","25.309421,81.790809"
"Nahiān,India","25.458084,82.907313"
"Dhawatola,Nepal","26.91847734,85.1037761433"
"Chanāri,India","24.916177,83.79591"
"Katea,India","26.566447,84.084925"
"Barka Katra,India","25.192467,83.767489"
"Kharāri,India","25.063629,83.954877"
"Phephna,India","25.774052,84.048858"
"Pāi Bigha,India","25.051322,84.919104"
"Khāmpār,India","26.352052,84.065138"
"Balusasan,India","26.840129,83.068419"
"Jathwāra,India","25.824922,81.772687"
"Aswari,Nepal","27.1050565142,84.6857058111"
"Tacauna,India","26.303478,83.087729"
"Mehdia,India","26.43938,83.44589"
"Rudauli,India","26.749925,81.749242"
"Rāmpur,India","30.252142,77.697261"
"Kusera,India","24.729175,82.502795"
"Kesrāwāndih,India","25.950401,85.304183"
"Rasūlpur,India","26.892652,84.424428"
"Bhore,India","26.447809,84.105305"
"Amra,India","25.317399,83.444039"
"Chatia,India","26.5394,84.566238"
"Basabariya,Nepal","27.1840653019,84.8776197892"
"Mandgaan,India","24.506813,81.886464"
"Tumba,India","24.738529,84.029461"
"Jākhim,India","24.837851,84.525204"
"Bhāda,India","26.177137,82.051304"
"Dehrī,India","25.425327,83.818974"
"Kushawartol,Nepal","27.1463660123,85.418475834"
"Birhar,India","26.486213,82.963847"
"Meja,India","25.142466,82.104195"
"Bhauvāpār,India","26.66846,83.372418"
"Bīrpur Katra,India","27.207965,81.790216"
"Amhat,India","25.776371,83.806259"
"Uska,India","27.193543,83.121948"
"Kantai,India","26.214214,85.297487"
"Pipra,India","26.48945,84.980062"
"Halia,India","24.828046,82.322213"
"Daunā,India","25.76268,83.020422"
"Nāugarh,India","24.83316,83.258935"
"Jāmtālī,India","25.836819,82.122491"
"Agiāon,India","25.378327,84.610299"
"Sarāi Kheta,India","25.968966,82.681323"
"Dhanesa,India","26.603327,81.583159"
"Darman,India","24.741909,83.443107"
"Bhagwānpur,India","26.188368,84.896755"
"Durjanpur,India","25.769842,84.395516"
"Paghaura,India","24.876503,82.786689"
"Deo,India","24.658461,84.437119"
"Gahmar,India","25.49881,83.809625"
"Rājanr,India","24.722122,85.448236"
"Chāndni,India","24.513503,83.397833"
"Pāra,India","25.65938,83.638951"
"Dubaulia,India","26.700358,82.505331"
"Mehnār,India","25.607725,85.485095"
"Ghasia,India","25.28602,82.435892"
"Dawāmi,India","25.8666667,83.5666667"
"Kamāt,India","24.597591,84.816795"
"Arwal,India","25.248779,84.666294"
"Barāgaon,India","25.925344,84.138837"
"Kurtha,India","25.124299,84.811044"
"Ama,India","26.878774,82.651618"
"Nūr Sarai,India","25.274656,85.458042"
"Jiwdhara,India","26.580338,84.909705"
"Rānīganj,India","24.43818,84.59133"
"Pahwāri,India","25.035306,81.953866"
"Mehrāwān,India","25.872102,82.688704"
"Agori Khas,India","24.546974,82.964818"
"kamharia,India","26.375107,83.084616"
"Barokhar,India","24.900991,81.943863"
"Dumri,India","25.475394,85.091011"
"Karār,India","24.848212,83.541463"
"Kothili,India","26.978312,82.688249"
"Arāi,India","24.9333333,85.3166667"
"Gunri,India","25.640658,84.658154"
"Mujra,India","27.1666667,84.35"
"Pichhli,India","24.60023,85.445923"
"Sarāi,India","25.78244,85.273809"
"Baburi,India","25.172888,83.181075"
"Sathri,India","26.705092,82.076991"
"Tarabganj,India","26.957469,81.9893"
"Runi Saiyadpur,India","26.374557,85.490527"
"Turki,India","26.03806,85.357678"
"Kathmandu,Nepal","27.701691866146,85.320596694946"
"Pokhara,Nepal","28.26689192466,83.968505859375"
"Bahraich,India","27.574301,81.595881"
"Bharatpur,Nepal","27.6833333,84.4333333"
"Butwāl,Nepal","27.700554,83.448358"
"Hitura,Nepal","27.428391,85.032192"
"Balrāmpur,India","27.427657,82.187104"
"Nepalgunj,Nepal","28.05,81.616667"
"Siddharthanagar,Nepal","27.5,83.45"
"Birendranagar,Nepal","28.6019444,81.6338889"
"Tulsīpur,Nepal","28.130986,82.297263"
"Nautanwa,India","27.427517,83.417893"
"Utraulā,India","27.319294,82.418384"
"Panaoti,Nepal","27.581377,85.5124"
"Tānsen,Nepal","27.867307,83.546699"
"Bāglung,Nepal","28.27189,83.589755"
"Tulsīpur,India","27.533702,82.41653"
"Bhinga,India","27.703542,81.934171"
"Wāling,Nepal","27.9833333,83.7666667"
"Dailekh,Nepal","28.844343,81.710114"
"Nichlaul,India","27.312468,83.7253"
"Ikauna,India","27.530199,81.968769"
"Jumla,Nepal","29.274720022579,82.183828353882"
"Besisahar,Nepal","28.2341667,82.4127778"
"Saga,China","29.323672505659,85.226011276245"
"Chitre,Nepal","28.426731745766,83.690757751465"
"Chhipra,Nepal","29.927861900358,81.839561462402"
"Kharpunath,Nepal","30.046510344526,82.157135009766"
"Tharpaila,Nepal","27.857933917,83.0407111479"
"Pokhari Gau,Nepal","27.865897579777,84.815123677254"
"Gopalpur,Nepal","27.548470443,83.0222786249"
"Tallo Dolaghat,Nepal","29.1924246492,82.4403042357"
"Sano Bhorle,Nepal","27.9717185248,85.2580314178"
"Phedi Patan,Nepal","28.1704498486,83.9899827978"
"Ambabas,Nepal","27.4676736465,84.2832841723"
"Neta Pokhara,Nepal","28.1159566428,83.4648586073"
"Haniman,Nepal","28.4522267452,81.8853792086"
"Kandagaun,Nepal","28.6918874874,82.4770425289"
"Serma,Nepal","28.3921258358,83.241934139"
"Dobhankharka,Nepal","28.2235538929,84.5730799237"
"Rampot,Nepal","28.0135658396,83.1367445855"
"Khala Dil,Nepal","29.617350952,81.7434471939"
"Khode,Nepal","27.8294444119,84.4483708681"
"Deurali,Nepal","27.9033606239,84.231805366"
"Dhaireni,Nepal","28.1365799771,83.006198986"
"Narga,Nepal","28.2967003632,82.949753008"
"Bayapakha,Nepal","28.21522153,82.9264405776"
"Jugena,Nepal","28.1145544079,82.6836751401"
"Pakari,Nepal","27.8935732227,83.8221000113"
"Belwa,Nepal","28.2446186975,81.5779042223"
"Phaparbari,Nepal","27.3517283984,85.3513295867"
"Bhulambas,Nepal","28.4067850379,82.6124502069"
"Mauwabari,Nepal","28.5036491379,82.7334246134"
"Ratpate,Nepal","28.0567316731,84.0794655602"
"Himdhuski,Nepal","29.3940241885,82.1574347073"
"Gurunkholagaun,Nepal","27.7817489033,82.4695031497"
"Gamdanda,Nepal","27.68271992,84.87770865"
"Nimuriya,Nepal","27.978261314,82.524667296"
"Karki Bada,Nepal","29.5467483998,82.138719987"
"Pukyu,Nepal","28.3749414046,84.8718531665"
"Mahuwadanda,Nepal","27.486418112,85.4471811036"
"Todke,Nepal","28.3967877299,83.0205381505"
"Ugathahawa,Nepal","27.8606734989,82.4188386773"
"Thyangsyapu,Nepal","28.2100450276,85.4793996237"
"Badigaun,Nepal","28.6080354416,82.1497399347"
"Sal Pokhara,Nepal","28.7439889937,81.6040783489"
"Sukekot,Nepal","27.8146522088,83.9744739305"
"Seragau,Nepal","29.1118563679,81.692622197"
"Gurase Ban,Nepal","28.9341001688,81.9218540024"
"Timbure,Nepal","27.549884288,84.9909125603"
"Phulbari,Nepal","28.0278209268,84.8647129471"
"Melne,Nepal","28.7646179193,82.0014614544"
"Tallo Jaljala,Nepal","28.5112939075,83.2198100397"
"Mulli,Nepal","29.1468764849,81.9967252995"
"Tosinja,Nepal","28.6776117105,83.9389518383"
"Taule Bhir,Nepal","29.4736292151,82.2886555813"
"Gorkhali Bada,Nepal","29.7114718667,81.8427726162"
"Kagatigaun,Nepal","27.7876905617,85.2598958676"
"Lunggar,China","29.402,85.002"
"Mudila,Nepal","27.3510427387,83.2901970168"
"Jallahiya,Nepal","27.6551639277,82.7935185617"
"Kharba,Nepal","29.1574500468,83.1697280106"
"Patare,Nepal","28.4456652581,82.2362335343"
"Mesu,Nepal","28.8515824296,81.9642008733"
"Thakleni,Nepal","28.3397992888,81.8700729976"
"Zhadong,China","29.65,84.166667"
"Khopichar,Nepal","28.5971989182,82.5863922398"
"Bairiya,Nepal","27.6908956195,83.1882790905"
"Thuriyagoth,Nepal","28.1509024059,81.8938999637"
"Nirkot,Nepal","28.0260738056,84.5467905574"
"Bukeni,Nepal","29.8480051999,81.8620937425"
"Patakuna,Nepal","28.7734029148,82.5675927611"
"Qiangda,China","28.8313,85.2823"
"Gaqoi,China","29.7,83.5"
"Nanmarang,Nepal","28.3216202228,84.3610362715"
"Syogaun,Nepal","28.5706342343,84.7275345386"
"Lapten Tola,Nepal","27.5938076867,83.4453996046"
"Junjiaga,China","28.3138,85.3793"
"Mandara,Nepal","28.1981233575,83.4115682869"
"Sidure,Nepal","27.9864357649,83.4233177759"
"Kangning,Nepal","29.0112333496,82.9057735506"
"Naina,Nepal","29.2004274149,81.5910924312"
"Balu,Nepal","29.3973270703,81.7256138933"
"Jhigatithok,Nepal","27.8597050535,85.3117687839"
"Tharung,Nepal","28.4705760901,84.9450348117"
"Kalapani,Nepal","29.524414975,81.6166279249"
"Nimare,Nepal","28.6883609023,82.0004573187"
"Madane,Nepal","27.6101280554,84.6538157952"
"Dhawalagiri 2nd,Nepal","28.7611627144,83.3889248946"
"Bagkhor,Nepal","28.8467981398,82.2637424127"
"Chheprakhet,Nepal","29.280110241,81.6994695045"
"Kuyu,China","29.4293,84.4852"
"Apsipo,Nepal","28.6430875056,82.9225468247"
"Kurne,Nepal","28.5568487226,84.3946507974"
"Chacun,China","28.402,85.302"
"Tallo Tandi,Nepal","27.56950692,84.2774128336"
"Piple,Nepal","27.979672276,84.1368665588"
"Dhikpur,Nepal","28.054972707,82.377821343"
"Amuwa,Nepal","28.0031333235,82.0998734546"
"Khasre,Nepal","27.9653293018,82.887903204"
"Badachaur,Nepal","28.520595953,82.2507495782"
"Kyaung,Nepal","28.7670531087,84.2722757209"
"Tinghare,Nepal","27.9430291521,84.6611277349"
"Gotheri,Nepal","28.5053842716,81.5711248228"
"Chako,Nepal","28.8804599549,84.2846980501"
"Tilhar,Nepal","28.1053303057,84.390364667"
"Targyaliling,China","29.483333,85.083333"
"Syamling Gumba,Nepal","29.4341042938,82.9091526737"
"Hārta,Nepal","27.456843,84.709806"
"Mije,Nepal","28.4170461673,84.1885317499"
"Ghattekholagaun,Nepal","29.0856421715,82.4470848531"
"Khaptangchaur,Nepal","29.9128390672,82.5535968735"
"Lachhabang,Nepal","28.5830346112,83.2542897937"
"Dhaulo Takura,Nepal","27.7705278189,83.0523760526"
"Dhanara,Nepal","28.3153126069,82.6424822603"
"Choreje,Nepal","28.0562379588,85.3379407477"
"Awang,Nepal","28.2217788377,85.1354681699"
"Kamkot,Nepal","28.9032952731,82.9166542438"
"Musigaun,Nepal","29.509693326,83.1683882447"
"Mathillo Basti,Nepal","27.3162453726,84.6560247535"
"Uxu,China","29.3,85.4333333"
"Dhinga,Nepal","30.0190051705,81.7683995171"
"Kimri,Nepal","29.5790821905,82.4496447644"
"Charang,China","29.6605,85.076"
"Phumda,Nepal","28.9327532348,82.503735499"
"Mugu,Nepal","29.7434903357,82.5127123252"
"Annapurna South,Nepal","28.5208406224,83.8091032609"
"Mahu,Nepal","28.0247035332,81.8816321215"
"Chara,Nepal","28.2491064629,84.2321442733"
"Kobang,Nepal","28.688931198904,83.616600036621"
"Baskuna,Nepal","28.3551651427,83.507838391"
"Sim,Nepal","28.351968189,82.1991110893"
"Kumaltar,Nepal","27.5871000573,83.8620594995"
"Dobhan,Nepal","28.2951243913,84.9109124684"
"Kasi Dalpha,Nepal","29.28257454,82.5514048092"
"Thunbukharka,Nepal","28.6223064934,85.1253164095"
"Itawa,Nepal","27.4754190234,82.9764165153"
"Meerut,India","28.971551,77.719338"
"Aligarh,India","27.883336,78.074752"
"Bareilly,India","28.347023,79.421934"
"Morādābād,India","28.838931,78.776838"
"Muzaffarnagar,India","29.473939,77.704136"
"Mathura,India","27.501988,77.683297"
"Shāhjahānpur,India","27.881416,79.910896"
"Hāpur,India","28.730409,77.781412"
"Farrukhābād,India","27.390477,79.580065"
"Bulandshahr,India","28.402959,77.858245"
"Sambhal,India","28.583227,78.566887"
"Haridwar,India","29.947907,78.160252"
"Amroha,India","28.903136,78.469844"
"Sītāpur,India","27.561924,80.682654"
"Budaun,India","28.036202,79.12631"
"Lakhīmpur,India","27.951997,80.782569"
"Haldwani,India","29.222539,79.5286"
"Pīlībhīt,India","28.630981,79.803377"
"Hāthras,India","27.59621,78.052373"
"Hardoī,India","27.394333,80.131097"
"Chandausi,India","28.453023,78.782946"
"Khurja,India","28.254364,77.854361"
"Roorkee,India","29.863132,77.891258"
"Kasganj,India","27.805437,78.646015"
"Dhangadhi,Nepal","28.70792,80.596114"
"Mahendranagar,Nepal","28.9166667,80.3333333"
"Deoband,India","29.695045,77.679636"
"Bijnor,India","29.373001,78.136365"
"Najībābād,India","29.612071,78.343382"
"Mawana,India","29.104363,77.921342"
"Nagīna,India","29.444388,78.434876"
"Shāhābād,India","28.56681,79.009563"
"Chāndpur,India","29.135062,78.26887"
"Farīdpur,India","28.209099,79.539296"
"Bisalpur,India","28.291868,79.803067"
"Rishikesh,India","30.107784,78.292549"
"Khatauli,India","29.278798,77.731964"
"Baheri,India","28.77373,79.49553"
"Sahaswān,India","28.072454,78.749296"
"Vrindāvan,India","27.578234,77.698056"
"Gola Gokarannāth,India","28.078366,80.470536"
"Hasanpur,India","28.72268,78.283247"
"Sherkot,India","29.326269,78.574485"
"Tilhar,India","27.961396,79.739617"
"Lāharpur,India","27.710075,80.900689"
"Gulariyā,Nepal","28.2333333,81.3333333"
"Biswān,India","27.496717,80.99688"
"Ramnagar,India","29.394835,79.126934"
"Aonla,India","28.273585,79.1597"
"Sardhana,India","29.145508,77.614329"
"Pithorāgarh,India","29.583491,80.209474"
"Gulaothi,India","28.588889,77.791849"
"Seohārā,India","29.208796,78.586951"
"Manglaur,India","29.791626,77.879301"
"Ganj Dundwāra,India","27.733564,78.941767"
"Nānpāra,India","27.864592,81.500364"
"Mahmūdābād,India","27.297597,81.12399"
"Tānda,India","28.974743,78.942428"
"Tīkāpur,Nepal","28.5,81.1333333"
"Sikandra Rao,India","27.688063,78.381142"
"Pūranpur,India","28.512827,80.14829"
"Bilāspur,India","28.886904,79.266633"
"Jalesar,India","27.472354,78.302466"
"Paliā Kalān,India","28.432054,80.58137"
"Dibai,India","28.207717,78.26008"
"Kakrāla,India","27.892692,79.194496"
"Jalālābād,India","27.726645,79.654972"
"Dipayal,Nepal","29.2608333,80.94"
"Kaimganj,India","27.554967,79.337473"
"Almora,India","29.597261,79.660877"
"Islāmnagar,India","28.328489,78.724118"
"Soron,India","27.89012,78.7467"
"Kundarkhi,India","28.68362,78.785549"
"Kotdwāra,India","29.743365,78.51945"
"Kemri,India","28.805395,79.203964"
"Anūpshahr,India","28.357302,78.269213"
"Kithor,India","28.866633,77.938221"
"Sāndi,India","27.288395,79.952038"
"Kānth,India","29.059516,78.628738"
"Chharra,India","27.924577,78.400918"
"Kānt,India","27.809609,79.792283"
"Sitārganj,India","28.932136,79.704516"
"Fatehganj West,India","28.461254,79.304176"
"Muhammadābād,India","27.308543,79.433676"
"Mandāwar,India","29.486552,78.127316"
"Charthāwal,India","29.546866,77.59438"
"Richha,India","28.693695,79.521895"
"Maholi,India","27.663684,80.47371"
"Dadeldhurā,Nepal","29.298422,80.580591"
"Haldaur,India","29.289787,78.28368"
"Dārchulā,Nepal","29.841206,80.528738"
"Tanakpur,India","29.069253,80.112596"
"Shāhi,India","28.549456,79.316904"
"Khūtār,India","28.203067,80.270458"
"Misrikh,India","27.432011,80.531354"
"Sidhpura,India","27.633126,78.869223"
"Mailāni,India","28.290877,80.343797"
"Allāhganj,India","27.545586,79.687304"
"Iglās,India","27.711137,77.938884"
"Gopāmau,India","27.534677,80.285074"
"Kālāgarh,India","29.477367,78.785127"
"Barkhera,India","28.451586,79.804772"
"Chhutmalpur,India","30.032093,77.753291"
"Baldev,India","27.408037,77.823818"
"Benīganj,India","27.292931,80.443635"
"Jahāngīrpur,India","28.179155,77.703719"
"Farah,India","27.3209,77.761953"
"Bāgeshwar,India","29.837601,79.771398"
"Lansdowne,India","29.840971,78.678813"
"Sakīt,India","27.435288,78.779252"
"Bājna,India","27.897765,77.677788"
"Banbasa,India","28.99132481617,80.076084136963"
"Lohaghāt,India","29.40356276262,80.089645385742"
"Bhīm Tāl,India","29.34447,79.563356"
"Phariha,India","27.321857,78.47255"
"Rāiwāla,India","30.021819,78.21495"
"Dwārāhāt,India","29.778356,79.429308"
"Sain,Nepal","29.0148691511,81.4243674047"
"Kapurnali,Nepal","29.075748858,80.633852828"
"Phurka Chadhauna,Nepal","29.4713913559,81.397366045"
"Barkot,Nepal","29.1771025822,80.5359742594"
"Lagan Dhar,Nepal","29.4056417003,80.7349185899"
"Ganet,Nepal","29.6674472223,80.5274548631"
"Sūkha Nagla,India","27.809842,79.436641"
"Darma,Nepal","29.750023732,80.8218849586"
"Dodar,Nepal","29.212618332,81.2125410995"
"Bantariya,Nepal","28.8374750859,80.3779895701"
"Surkemela,Nepal","29.5567756668,81.1321790519"
"Jagatbisa,Nepal","29.7570122007,80.4679623184"
"Kathiur,Nepal","28.9123064573,80.9406816417"
"Bhuruwa,Nepal","28.6141819748,81.1449067109"
"Syālam,India","29.941778,78.561638"
"Kollimara,Nepal","28.9244122365,81.3108884929"
"Simkholagaun,Nepal","29.9198579499,80.6268272098"
"Bikrampur,Nepal","28.4170669687,81.1618364724"
"Kariyapani,Nepal","28.6990098675,81.4536289698"
"Jayapur,Nepal","28.3117179146,81.3823496616"
"Garjal,Nepal","29.4582828428,80.3777680725"
"Bhalsauna,India","29.067807,77.593705"
"Barghat,Nepal","29.0778664065,81.1320113917"
"Kherikhurd,India","29.706774,78.042149"
"Paladi,Nepal","28.9895591067,80.7387970928"
"Paudali,Nepal","29.5869294497,81.4569628143"
"Chaudi,Nepal","29.5192347799,80.7848316297"
"Bhanne,Nepal","29.2448651611,81.5393913598"
"Butkauwa,Nepal","28.6940224764,81.0303188608"
"Basauti,Nepal","28.6061547729,80.7914070855"
"Sanwa,Nepal","28.8199952824,81.1960801859"
"Rāmrā,India","29.251495,78.00416"
"Belparāo,India","29.310849,79.202864"
"Chaupura,India","29.1,79.05"
"Bangetal,Nepal","28.5972230328,81.4506328846"
"Sitapur,Nepal","28.1312931823,81.4992108642"
"Nauli,Nepal","29.6481154605,81.0943531961"
"Parasan,Nepal","28.6257996418,80.4942555115"
"Rakehti,India","28.21582,80.908434"
"Pantali,Nepal","29.3674085925,81.3540956161"
"Etah,India","27.558088,78.663471"
"Bijua,India","28.271817,80.603927"
"Bagneto,Nepal","29.172289563,80.9089456246"
"Bhatgaun,Nepal","29.1604923523,81.5363301554"
"Ustang,Nepal","30.0960469324,81.4066144471"
"Pantnagar,India","29.05,79.5166667"
"Buddhee,Nepal","30.0973280788,80.8245245239"
"Kabdi,Nepal","28.8249362493,81.5589908601"
"Deoria Kalān,India","28.376154,79.933487"
"Kalju,Nepal","30.0039059307,80.7573943572"
"Latali,Nepal","29.0031656,80.9828152408"
"Liunde,Nepal","29.0022058676,80.4251068254"
"Tikhtara,Nepal","29.5960733952,80.7407152261"
"Laita,Nepal","29.6745093674,80.7532327862"
"Ganai,India","29.724451,79.939786"
"Patihalau,Nepal","29.8385389338,80.8808526485"
"Gad,Nepal","29.5686236681,80.5066387825"
"Kilbāra,India","30.096557,79.840858"
"Maniramkanda,Nepal","28.5041492441,81.5421415026"
"Moya,Nepal","28.7885504427,80.6768140064"
"Khorad,Nepal","29.3778564846,80.3936128938"
"Tolichaka,Nepal","29.0892629723,81.5364153114"
"Dehradun,India","30.324427,78.033922"
"Tehri,India","30.390863,78.480299"
"Pauri,India","30.153565,78.769975"
"Mussoorie,India","30.457103,78.054976"
"Pāonta Sāhib,India","30.43666,77.624615"
"Behat,India","30.170497,77.615316"
"Uttarkāshi,India","30.729864,78.443416"
"Joshīmath,India","30.555875,79.566548"
"Doiwāla,India","30.178952,78.117838"
"Rohru,India","31.202099,77.752114"
"Barkot,India","30.808606,78.205961"
"Burang,China","30.295594,81.175114"
"Chakrāta,India","30.703689,77.863861"
"Rudraprayāg,India","30.284667,78.983542"
"Pīpalkoti,India","30.42553,79.430659"
"Chaupāl,India","30.9485,77.591624"
"Jubbal,India","31.109228,77.650846"
"Gangotri,India","30.995885,78.943214"
"Tarchan,China","30.931237063042,81.289386749268"
"Kedārnāth,India","30.720162,79.068313"
"Faizpur,India","30.331924,77.577741"
"Kuhita,India","30.560352,77.884544"
"Birsi,India","30.632219,77.903684"
"Khowara,India","30.556221,78.666317"
"Boktu,India","31.580495,78.277353"
"Dare,China","30.7195,81.2933"
"Shiv Shiv,Nepal","30.1355356525,81.3878116202"
"Ghaghalti,India","31.29382,77.610466"
"Sorakhal,India","30.301186,78.566085"
"Guwāhu,India","30.738843,77.57733"
"Yeri,China","31.835578,78.866237"
"Dianjiao,China","32.694444,79.463889"
"Damrāli,India","31.369039,77.724063"
"Buling,China","31.3279,79.501"
"Chankhuwāl,India","31.275418,78.131709"
"Makrāna,India","30.631592,77.599825"
"Rewal,India","31.028158,77.572055"
"Kalaksar,India","32.45,77.75"
"Bāhan,India","31.535579,77.682356"
"Suomaicun,China","32.1108,80.0278"
"Qumigxar,China","31.801,80.701"
"Ruolang,China","30.4099,81.1108"
"Dadhyāt,India","30.546956,77.612183"
"Jianggacun,China","31.6205,81.2102"
"Kauirik,India","32.08907,78.675475"
"Shanye,China","30.9187,81.025"
"Saroli,India","30.341102,79.353596"
"Nabucun,China","32.3986,81.1479"
"Khar,India","32.030015,78.065436"
"Zhaba,China","31.7688,79.5739"
"Lagacun,China","32.0838,81.2757"
"Qukajian,China","32.301,80.301"
"Vārastang,India","31.494493,78.190738"
"Sumdu,India","30.321165,80.213423"
"Qiebusi,China","32.558,78.6201"
"Poo,India","31.762243,78.589297"
"Malla Kauwa,Nepal","30.1747731934,80.8755969698"
"Koyül,India","32.8655408,79.2764763"
"Zhalie,China","31.5909,79.892"
"Dākar,India","30.279734,80.530283"
"Qiega,China","31.615,79.0065"
"Zuonabo,China","31.7581,80.3293"
"Gabupa,China","31.542536,79.084699"
"Sumdo,China","32,78.6"
"Ba’erjue,China","32.2,78.6"
"Ema,China","31.8519,81.2007"
"Mīlam,India","30.435468,80.15036"
"Xialang,China","31.9589,79.5682"
"Dāng,India","30.151119,78.987366"
"Kurchhola,India","30.394903,78.943041"
"Banāyag,India","31.702223,77.625882"
"Sogmai,China","32.2,79.9"
"Duoren,China","32.8623,81.3655"
"Queding,China","32.857992,79.892454"
"Qu’e,China","31.0083,81.0272"
"Donggacun,China","31.672,79.831"
"Shimai,China","32.203,81.203"
"Ghāstoli,India","30.859887,79.469752"
"Mastarang,India","31.367148,78.388"
"Tiljung,Nepal","30.2203927727,81.4664880651"
"Natseri,India","31.615979,77.733513"
"Kharsālī,India","30.970046,78.437671"
"Azi,China","32.3602,78.7359"
"Nakraunda,India","30.253236,78.112409"
"Zhachangnazu,China","30.8356,81.4525"
"Masak,India","30.77521,77.82144"
"Gongpu,China","31.7226,79.1577"
"Dabacun,China","31.2283,79.924"
"Lara,India","32.158637,78.131294"
"Sir Bhum Chun,India","32.918565,77.57512"
"Loharinag Pala,India","30.818333,78.618056"
"Angni,China","31.0987,80.7931"
"Azire,China","32.2249,78.8709"
"Hala,China","31.126,80.2719"
"Shiquanhe,China","32.501245,80.097577"
"Bugongcun,China","32.5449,80.4832"
"Badarīnāth,India","30.739436,79.494083"
"Nako,India","31.888797,78.618252"
"Lang Thanga,India","31.80455,78.169162"
"Salyāna,India","30.2,79.2833333"
"Tobo’ngoinqung,China","32,80.5"
"Xingalongwa,China","31.9186,80.1599"
"Qumudi,China","32.200763,79.184467"
"Charen,China","31.1921,80.812047"
"Partābnagar,India","30.4666667,78.4833333"
"Lokār,India","30.850691,77.96775"
"Lapthal,India","30.743623,80.153275"
"Doxang,China","31.432877,79.54461"
"Kanol,India","30.259385,79.593378"
"Pūngūk,India","32.757876,78.899466"
"Xi’anniu,China","32.672352,79.876055"
"Datmir,India","31.080186,78.278932"
"Kibar,India","32.3333333,78.0166667"
"Golog,China","32.6,79.5"
"Rānsi,India","30.583361,79.145414"
"Lilam,India","30.154883,80.248532"
"Guocangmai,China","32.2591,80.8239"
"Lalaile,China","32.0533,80.9479"
"Nelang,India","31.108259,79.007447"
"Zong,India","32.685064,78.862625"
"Kārcha,India","32.335552,77.621775"
"Lambar,India","31.516281,78.501092"
"Pāndukeshwar,India","30.633455,79.543445"
"Gegerou,China","32.1984,80.4463"
"Jiaowang,China","31.7341,78.8776"
"Gangi,India","30.635673,78.852099"
"Langmar,China","32.3694,79.8028"
"Chūmar,India","32.659585,78.577432"
"Gyarong,China","30.7,85"
"Pugu,China","31.9715,85.0238"
"Chacang,China","30.7493,84.654"
"Ardangkhola,Nepal","30.236810632,81.5787254919"
"Qugcang,China","31.133333,82.233333"
"Bensong,China","32.7288,83.5439"
"Qiongcang,China","32.5186,84.2586"
"Xiaji,China","31.3015,83.5489"
"Gujian,China","31.85,83.866667"
"Mendangle,China","32.1942,84.3441"
"Kangma’er,China","30.5851,85.4894"
"Kangbamaguo,China","32.1375,83.8253"
"Chawochang,China","30.5,84.9"
"Naqu,China","31.0476,83.9694"
"Ciwugamu,China","31.7685,83.2228"
"Xiazi,China","31.823,84.8958"
"Kyungbab,China","30.9,83.7"
"Genqiong,China","32.7007,83.8623"
"Dagrong,China","30.2,83.5"
"Xialong,China","31.8311,84.6195"
"She’erzhuo,China","31.6492,84.3855"
"Coqung,China","32.1,84.8"
"Diga,China","32.2163,84.8532"
"Bushêngcaka,China","32.9166667,82.2333333"
"Mami,China","32.0473,83.6706"
"Kerule,China","31.7461,84.2545"
"Xagna,China","31.1048,85.3274"
"Xumujue,China","32.0436,83.9297"
"Dongfeng,China","31.301,85.001"
"Maiduo,China","30.583333,84.983333"
"Qianggu,China","32.3937,83.6123"
"Gongma,China","31.8195,85.3403"
"Samsang,China","30.3666667,82.8333333"
"Gyaukharka,Nepal","30.3689512082,81.6035414924"
"Nuocang,China","30.398,85.1025"
"Caizha,China","31.3856,84.6686"
"Maiga,China","30.519,84.4378"
"Xiapu,China","31.5194,84.0038"
"Porgyang,China","32.05,82.583333"
"Jieke,China","31.533333,81.883333"
"Nare,China","32.3159,84.6259"
"Sedang,China","32.583333,83.4"
"Rima,China","32.196,85.5252"
"Dangong,China","32.9429,83.5622"
"Zhari,China","31.2867,84.1459"
"Dongnai,China","31.2,85.5"
"Mengang,China","30.7625,85.2968"
"Rexi,China","31.4769,82.4392"
"Zingcun,China","31,85.1"
"Guijie,China","31.41306,83.024728"
"Xiaqu,China","32.1775,85.0719"
"Dima,China","31.1991,82.4886"
"Saimuka,China","30.626209,81.74636"
"Jiare,China","32.2246,82.2629"
"Benbo,China","31.8319,81.6652"
"Marima,China","32.781,84.5995"
"Yurongguo,China","32.3782,82.0145"
"Yagzha,China","30.3,85"
"Keqin,China","31.7772,83.6843"
"Jia’ou,China","31.854,82.1591"
"kharchingkhola,Nepal","30.164815202,82.0407364264"
"Naqiang,China","30.2297,84.4914"
"Sênggêkanbab,China","31.4333333,81.6"
"Nianqu,China","32.3951,84.3969"
"Chaggo,China","32.3237,83.3127"
"Pamu,China","32.2029,82.7301"
"Jiangma,China","31.96,82.7034"
"Tiu,China","31.101,85.001"
"Qangma,China","31.601,84.001"
"Duoma,China","32.9473,84.4332"
"Xiangmai,China","32.0894,82.0396"
"Zhuglung,China","30.9,84.766667"
"Chaomabu,China","31.7365,82.5018"
"Tuoquerege,China","31.9643,84.0412"
"Majia,China","32.432,82.838"
"Puqiongcun,China","30.116,83.1329"
"Qangmai,China","32.666667,82.383333"
"Rewang,China","32.2491,83.9166"
"Maindong,China","31.333333,85.416667"
"Sejiao,China","30.8936,85.1088"
"Dawaxung,China","31.3833333,85"
"Kangma,China","31.5484,83.651"
"Quecang,China","31.3243,82.1751"
"Xiaruo,China","31.0991,84.5214"
"Guodi,China","30.7134,84.363"
"Sabale,China","31.9531,84.5283"
"Zheni,China","31.9654,83.6025"
"Xiada,China","30.266459,83.213923"
"Dewuri,China","31.421,82.7464"
"Longcun,China","30.6701,84.6998"
"Qulung,China","31.7,82.8"
"Sharu,China","30.8504,84.1139"
"Qinagong,China","31.7258,81.7762"
"Gongzhu,China","30.7014,81.7343"
"Gema,China","31.2989,82.749"
"Lurong,China","31.779,82.9281"
"Daguo,China","32.1771,85.3414"
"Khabdambu,Nepal","30.3233412892,82.0730206868"
"Chajia,China","30.9473,84.4504"
"Yoindainluma,China","32.5,82.4"
"Xiaxiacun,China","32.7974,82.6974"
"Dadong,China","31.0322,84.7975"
"Narisongba,China","32.8316,83.1208"
"Kecha,China","32.406627,82.602883"
"Wai’eluoma,China","32.299,85.1287"
"Xiuba,China","32.5888,85.3467"
"Yunqingle,China","32.1251,82.6672"
"Ge’e,China","30.5201,85.2089"
"Zhaxigujian,China","30.1296,84.5328"
"Gacang,China","31.301,84.501"
"Yudo,China","32.333333,83.9"
"Ringtor,China","31.45,83.416667"
"Rugar,China","31.2,84.2"
"Xiamading,China","31.6191,82.481"
"Wuqing,China","31.7147,83.9459"
"Gacha,China","32.5198,82.8399"
"Tangqungdoi,China","32.1,85.5"
"Oma,China","32.426582,83.233502"
"Luring,China","32.266667,84.2"
"Xiongma,China","30.4984,85.5452"
"Cideng,China","32.0449,82.9486"
"Xigazê,China","29.25,88.883333"
"Gangtok,India","27.325739,88.612155"
"Khāndbāri,Nepal","27.374691,87.203896"
"Paro,Bhutan","27.430499,89.413336"
"Ha,Bhutan","27.38746776605,89.280738830566"
"Lobujya,Nepal","27.95,86.8166667"
"Nanche Bazar,Nepal","27.80528,86.71058"
"Kodari,Nepal","27.952514,85.948473"
"Mangan,India","27.50965,88.522059"
"Gyalshing,India","27.281162,88.257074"
"Lukla,Nepal","27.686644261198,86.731395721436"
"Yuksom,India","27.369167,88.222222"
"Saurabasti,Nepal","27.5091218568,85.7178098964"
"Lhainag,China","29.8666667,89.35"
"Puranagaun,Nepal","27.6551667852,85.9425172689"
"Ghyangdanda,Nepal","27.4507111668,86.2521567382"
"Chyadang,Nepal","28.1981661889,85.6171212833"
"Harre,Nepal","27.8207038234,85.8730407912"
"Camda,China","28.6,86.5"
"Paiga,China","28.8604,86.4357"
"Leding,China","28.0671,87.246"
"Dandamaran,Nepal","27.9304697073,85.6267635953"
"Salle,Nepal","27.7805227987,85.6452018688"
"Sotang,Nepal","27.4901313924,86.7639608875"
"Cangcun,China","29.3488,87.8422"
"Naga,China","29.4611,87.8889"
"Tading,Nepal","27.5749206322,86.4024111042"
"Qiare,China","29.3908,89.3704"
"Hansetemba,Nepal","27.4011706856,87.6077977232"
"Sera,Nepal","27.2940820877,87.1385879532"
"Zangka,China","28.999606,89.52003"
"Chokpur,Nepal","27.2964994961,87.6913262083"
"Gaderibesi,Nepal","27.5803644058,85.7195034732"
"Jiangren,China","29.6574,87.6179"
"Ribu,China","28.9302,88.156"
"Dongjiangba,China","29.3284,86.1959"
"Okhale,Nepal","27.3016976581,85.8095544956"
"Dajiang,China","28.7723,88.7892"
"Dangsingtar,Nepal","27.2886794354,86.2557059868"
"Na’e,China","29.9273,89.0743"
"Narongba,Nepal","27.4870431984,87.0838891647"
"Gongpin,China","29.1638,86.9286"
"Chab,China","29.3,87.5"
"Barule,Nepal","27.4833095284,87.9664660401"
"Sewudong,China","29.1105,87.9743"
"Qiangpaile,China","29.0017,86.4186"
"Mangre,China","28.2713,87.8666"
"Paga,China","28.5799,87.3629"
"Zunzhong,China","29.17,88.7309"
"Gimbar,Nepal","27.7594486812,87.3814798202"
"Marpa,Nepal","27.4316921873,85.7232483776"
"Qinonghe,China","29.0364,88.8309"
"Poqiancun,China","28.7437,88.3223"
"Wuqicun,China","28.801,87.201"
"Quchan,China","28.496,87.1513"
"Jilong,China","28.2558,86.8217"
"Palie,China","28.7859,87.8334"
"Bomu,China","28.8351,85.8492"
"Remi,China","29.156,86.6779"
"Khani,Nepal","27.4746063418,87.7224262869"
"Lalang,China","29.7238,89.0439"
"Ganchang’e,China","29.5505,89.454"
"Kunauri,Nepal","27.3752362168,86.0359779572"
"Chongdui,China","28.15,85.966667"
"Khewa,Nepal","27.4160195268,86.7760373411"
"Narbuchaur,Nepal","27.5964246055,87.202101323"
"Jueru,China","29.12431,89.25156"
"Kothe,Nepal","27.7329670558,86.1938168365"
"Baiba,China","28.6297,87.1734"
"Rock Fall,Nepal","28.3000978312,85.696376653"
"Simigaon,Nepal","27.853808,86.235639"
"Chongdoi,China","29.4,89"
"Guqin,China","28.6,89.5"
"Naicang,China","28.4079,87.0907"
"Hubring,Nepal","27.2988082618,86.8449028625"
"Nulong,China","28.7218,86.6168"
"Dingjie,China","28.839,88.1499"
"Raika,Nepal","27.2944061059,85.5815752995"
"Liecun,China","29.3398,87.0387"
"Xialu,China","29.1285,88.991"
"Longzheng,China","29.2,85.6071"
"Zubunong,China","29.0109,87.9436"
"Shengelong,China","29.1631,87.522"
"Gucun,China","29.2286,86.5371"
"Yutog,China","29.201,88.101"
"Sekang,China","28.3321,88.562"
"Guojue,China","29.495,86.8866"
"Qiejin,China","28.8389,88.5292"
"Wangdain,China","28.86684,89.15356"
"Ximapu,China","29.7,88.8"
"Chaggar,China","29.5,89"
"Esongqiongwadang,China","30.0435,88.913"
"Nigale,Nepal","27.5610382534,86.1509448404"
"Hatemu,Nepal","27.5806941789,86.6841846298"
"Khangpachen,Nepal","27.7384619852,87.9750350769"
"Laguo,China","29.1347,87.2135"
"Gangba,China","28.2166,88.4743"
"Naduo,China","29.5093,88.1777"
"Kanchung,Nepal","28.0491740155,86.5935056287"
"Elang,China","28.4964,86.5722"
"Daowubangpu,China","29.6214,88.5463"
"Lapsing,Nepal","27.5784147484,87.6394117704"
"Namgyaigang,China","29.533333,88.6"
"Rangadip,Nepal","27.3677466871,86.4568625874"
"Bademuzha,China","27.4232,88.9827"
"Kelane,China","29.7159,89.4264"
"Docha,China","28.401,88.201"
"Qulong,China","29.4713,89.4463"
"Kabuqi,China","27.602,88.902"
"Patle,Nepal","27.7438565937,85.855580162"
"Dongxi,China","28.649208,89.119879"
"Sangzhugang,China","29.2953,88.4023"
"Chawu,China","28.8905,87.8901"
"Bianna,China","28.9716,88.3971"
"Langzi,China","29.7673,87.6483"
"Jieguobu,China","30.1088,87.5502"
"La’ang,China","28.7,87.5328"
"Dunchi,China","28.7025,86.9717"
"Qumei,China","28.3626,87.9016"
"Leilong,China","29.133333,86"
"Yalanu,China","28.5816,88.3506"
"Chaqiong,China","30.0313,86.0176"
"Kujiao,China","29.633,89.1309"
"Jiele,China","27.901,87.701"
"Yangma,Nepal","27.8202687311,87.8676272871"
"Heibu,China","30.0249,89.4883"
"Jiusha,China","29.2243,89.4196"
"Riwo,China","28.002,87.602"
"Zaguo,China","28.5758,87.8504"
"Duolong,China","29.5961,87.0447"
"Tongmoin,China","29.405,88.205"
"Dingga,China","27.7958,88.9961"
"Qiucan,China","28.7883,89.2821"
"Wangxue,China","28.9963,89.1884"
"Jucang,China","29.6855,86.9782"
"Najia,China","28.201,88.201"
"Pengji,China","29,87"
"Zhuji,China","27.5002,88.9198"
"Amjogxung,China","29.7,86.2"
"Datog,China","29,87.6"
"Moyu,China","27.8,87.6"
"Qiri,China","30.033333,86.983333"
"Zema,India","27.759335,88.539518"
"Xiuru,China","29.2706,87.8111"
"Nagjang,China","30,88.3"
"Qiongda,China","28.1414,87.3337"
"Niu’anong,China","29.9482,87.5581"
"Be,India","27.5833333,88.45"
"Shingkarap,Bhutan","27.6166667,89.2666667"
"Patale,Nepal","27.8517401768,85.6387888102"
"Sangkari,Bhutan","27.3,89.3166667"
"Kangzhuo,China","28.888568,89.495877"
"Anaikot,Nepal","27.6753173631,85.5840250001"
"Nieri,China","29.73,87.9241"
"Xugui,China","29.4405,88.5461"
"Xiamu,China","29.9215,87.986"
"Liupu,China","29.1277,88.257"
"Shengga,China","28.501,87.501"
"Ramchaur,Nepal","27.5948859005,88.0238346528"
"Yareba,China","29.8409,88.6041"
"Xarlung,China","27.701,89.101"
"Kongzuo,China","28.7409,86.1453"
"Ziguo,China","29.1914,87.8991"
"Ngobug,China","29.602,88.202"
"Tārke Ghyāng,Nepal","28.008741,85.562317"
"Qoilung,China","29.302,89.302"
"Chugu,China","28.4806,87.9305"
"Shodug,Bhutan","27.7666667,89.45"
